stage,model,latent,branch,r_field,r_sensor,r_sensor_used,n_delays,channels,seed,n_params,nmse_train,nmse_test,nmse_latent,floor_test,fit_seconds,n_train,n_test,run,tag
A,podlse,pod,closed-form,4,,300,25,all,0,1200,0.7672446849271422,0.8282188808642659,0.5506518518784657,0.6167809301399843,3.3422110080718994,4365,1521,4p5d_10ms_yaw_0_0_0,main
A,epod,pod,closed-form,4,,300,25,all,0,3492600,0.7128067497481447,0.8519235094143888,nan,0.6167775049518939,7.470642566680908,4365,1521,4p5d_10ms_yaw_0_0_0,main
A,branched,pod,linear,4,,-1,25,all,0,1204,0.7850316077440909,0.8368678303190668,0.5731800482917173,0.6167775049518939,30.01668906211853,4365,1521,4p5d_10ms_yaw_0_0_0,main
A,branched,pod,mlp,4,,-1,25,all,0,55556,0.7837983290563362,0.8421801786817373,0.5870149685044893,0.6167775049518939,4.192387819290161,4365,1521,4p5d_10ms_yaw_0_0_0,main
A,branched,pod,cnn,4,,-1,25,all,0,18660,0.785443137397975,0.846918475660276,0.5993548897911178,0.6167775049518939,6.603121519088745,4365,1521,4p5d_10ms_yaw_0_0_0,main
A,branched,pod,gru,4,,-1,25,all,0,15236,0.7931062184096296,0.8495149401265313,0.6061168482082957,0.6167775049518939,5.7756922245025635,4365,1521,4p5d_10ms_yaw_0_0_0,main
A,branched,ae,linear,4,,-1,25,all,0,1204,0.7879059543017004,0.8392366187130466,0.6493159082080456,0.5853300942764318,19.39683699607849,4365,1521,4p5d_10ms_yaw_0_0_0,main
A,branched,ae,mlp,4,,-1,25,all,0,55556,0.78448456348703,0.8450565328284457,0.6614309495219508,0.5853300942764318,3.743741512298584,4365,1521,4p5d_10ms_yaw_0_0_0,main
A,branched,ae,cnn,4,,-1,25,all,0,18660,0.8023679936732449,0.8462963850381579,0.6607535441500378,0.5853300942764318,3.840482711791992,4365,1521,4p5d_10ms_yaw_0_0_0,main
A,branched,ae,gru,4,,-1,25,all,0,15236,0.7754361407520751,0.8414395906525158,0.6229298194179791,0.5853300942764318,4.4025559425354,4365,1521,4p5d_10ms_yaw_0_0_0,main
A,podlse,pod,closed-form,8,,300,25,all,0,2400,0.7526549314117651,0.8305913228294789,0.656071501797294,0.5062274384960006,3.174191474914551,4365,1521,4p5d_10ms_yaw_0_0_0,main
A,epod,pod,closed-form,8,,300,25,all,0,3492600,0.7128067497481447,0.8519235094143888,nan,0.5061868539642355,3.1360785961151123,4365,1521,4p5d_10ms_yaw_0_0_0,main
A,branched,pod,linear,8,,-1,25,all,0,2408,0.7771751315668249,0.8368758395646221,0.6688118142684953,0.5061868539642355,8.345288038253784,4365,1521,4p5d_10ms_yaw_0_0_0,main
A,branched,pod,mlp,8,,-1,25,all,0,56072,0.7805655234599493,0.8411315688545925,0.6774189410595285,0.5061868539642355,3.8368005752563477,4365,1521,4p5d_10ms_yaw_0_0_0,main
A,branched,pod,cnn,8,,-1,25,all,0,25064,0.7771246087783295,0.8456169321910028,0.686490498085329,0.5061868539642355,3.9990580081939697,4365,1521,4p5d_10ms_yaw_0_0_0,main
A,branched,pod,gru,8,,-1,25,all,0,15496,0.7843012089215292,0.8535378433909594,0.7025103814832732,0.5061868539642355,5.1627726554870605,4365,1521,4p5d_10ms_yaw_0_0_0,main
A,branched,ae,linear,8,,-1,25,all,0,2408,0.7785116216279357,0.8355455846945608,0.7050249313127135,0.4922173771952452,20.409074783325195,4365,1521,4p5d_10ms_yaw_0_0_0,main
A,branched,ae,mlp,8,,-1,25,all,0,56072,0.7956266366761813,0.843607085361216,0.7221152680136685,0.4922173771952452,3.6608810424804688,4365,1521,4p5d_10ms_yaw_0_0_0,main
A,branched,ae,cnn,8,,-1,25,all,0,25064,0.796779820271191,0.8453716078573439,0.7262636369791003,0.4922173771952452,3.851470708847046,4365,1521,4p5d_10ms_yaw_0_0_0,main
A,branched,ae,gru,8,,-1,25,all,0,15496,0.7769298346089627,0.8286403189895819,0.669520722454038,0.4922173771952452,4.322797775268555,4365,1521,4p5d_10ms_yaw_0_0_0,main
A,podlse,pod,closed-form,16,,300,25,all,0,4800,0.7407181701361861,0.8312307175699534,0.7120583197992468,0.41255250884973405,3.4584414958953857,4365,1521,4p5d_10ms_yaw_0_0_0,main
A,epod,pod,closed-form,16,,300,25,all,0,3492600,0.7128067497481447,0.8519235094143888,nan,0.41257984962220423,3.1414482593536377,4365,1521,4p5d_10ms_yaw_0_0_0,main
A,branched,pod,linear,16,,-1,25,all,0,4816,0.7708478525867903,0.8371713391142277,0.7221465308702538,0.41257984962220423,8.399045705795288,4365,1521,4p5d_10ms_yaw_0_0_0,main
A,branched,pod,mlp,16,,-1,25,all,0,57104,0.7777101239039665,0.8375913949090794,0.7228609630775196,0.41257984962220423,3.8795106410980225,4365,1521,4p5d_10ms_yaw_0_0_0,main
A,branched,pod,cnn,16,,-1,25,all,0,37872,0.7690906471929081,0.8453181540191644,0.7360026590943045,0.41257984962220423,4.035114049911499,4365,1521,4p5d_10ms_yaw_0_0_0,main
A,branched,pod,gru,16,,-1,25,all,0,16016,0.7783222049155631,0.8518456835677154,0.7471047017289288,0.41257984962220423,5.280168771743774,4365,1521,4p5d_10ms_yaw_0_0_0,main
A,branched,ae,linear,16,,-1,25,all,0,4816,0.7773304780298271,0.8396904703939727,0.7729275324507688,0.420957163238038,18.488288402557373,4365,1521,4p5d_10ms_yaw_0_0_0,main
A,branched,ae,mlp,16,,-1,25,all,0,57104,0.7811757462876836,0.8409744752177956,0.7740682778100612,0.420957163238038,3.742990255355835,4365,1521,4p5d_10ms_yaw_0_0_0,main
A,branched,ae,cnn,16,,-1,25,all,0,37872,0.7997003207999895,0.8495660579654801,0.7879452167201427,0.420957163238038,3.8427274227142334,4365,1521,4p5d_10ms_yaw_0_0_0,main
A,branched,ae,gru,16,,-1,25,all,0,16016,0.7813211689407298,0.832063546048169,0.7442739854103935,0.420957163238038,4.322203636169434,4365,1521,4p5d_10ms_yaw_0_0_0,main
A,podlse,pod,closed-form,32,,300,25,all,0,9600,0.7315039691212664,0.8350873139723265,0.7586075201061585,0.3158572092120758,3.833743095397949,4365,1521,4p5d_10ms_yaw_0_0_0,main
A,epod,pod,closed-form,32,,300,25,all,0,3492600,0.7128067497481447,0.8519235094143888,nan,0.3157447372899361,3.152475118637085,4365,1521,4p5d_10ms_yaw_0_0_0,main
A,branched,pod,linear,32,,-1,25,all,0,9632,0.7667555396448107,0.838929760364094,0.7642642990135896,0.3157447372899361,7.6843321323394775,4365,1521,4p5d_10ms_yaw_0_0_0,main
A,branched,pod,mlp,32,,-1,25,all,0,59168,0.7766425251671825,0.8369003621623489,0.7612997711206413,0.3157447372899361,3.9270808696746826,4365,1521,4p5d_10ms_yaw_0_0_0,main
A,branched,pod,cnn,32,,-1,25,all,0,63488,0.7645865602516657,0.8461396448245022,0.774796437836535,0.3157447372899361,4.092130661010742,4365,1521,4p5d_10ms_yaw_0_0_0,main
A,branched,pod,gru,32,,-1,25,all,0,17056,0.7630014588978936,0.8483533846631608,0.7780302504484665,0.3157447372899361,5.536032199859619,4365,1521,4p5d_10ms_yaw_0_0_0,main
A,branched,ae,linear,32,,-1,25,all,0,9632,0.772994956872379,0.8425141736069125,0.8508675115234379,0.3550071159177852,19.784713745117188,4365,1521,4p5d_10ms_yaw_0_0_0,main
A,branched,ae,mlp,32,,-1,25,all,0,59168,0.759204244630913,0.8345249309024156,0.8402970580098105,0.3550071159177852,3.9585072994232178,4365,1521,4p5d_10ms_yaw_0_0_0,main
A,branched,ae,cnn,32,,-1,25,all,0,63488,0.7977849208190066,0.8454183323768413,0.8536308488488769,0.3550071159177852,3.8578383922576904,4365,1521,4p5d_10ms_yaw_0_0_0,main
A,branched,ae,gru,32,,-1,25,all,0,17056,0.7812927562456657,0.8225186424296473,0.8207888854109506,0.3550071159177852,4.327050447463989,4365,1521,4p5d_10ms_yaw_0_0_0,main
A,podlse,pod,closed-form,64,,300,25,all,0,19200,0.7257036264164348,0.8393245096514069,0.7905226669468159,0.23207692339544772,4.678207635879517,4365,1521,4p5d_10ms_yaw_0_0_0,main
A,epod,pod,closed-form,64,,300,25,all,0,3492600,0.7128067497481447,0.8519235094143888,nan,0.23154603046073202,3.1853623390197754,4365,1521,4p5d_10ms_yaw_0_0_0,main
A,branched,pod,linear,64,,-1,25,all,0,19264,0.7641603640882979,0.840994656759071,0.7928424884440459,0.23154603046073202,8.240635633468628,4365,1521,4p5d_10ms_yaw_0_0_0,main
A,branched,pod,mlp,64,,-1,25,all,0,63296,0.7757054450855723,0.8350508414709101,0.785110074093488,0.23154603046073202,4.070052623748779,4365,1521,4p5d_10ms_yaw_0_0_0,main
A,branched,pod,cnn,64,,-1,25,all,0,114720,0.7608097090130409,0.8468226261834905,0.8004241968631751,0.23154603046073202,4.229941368103027,4365,1521,4p5d_10ms_yaw_0_0_0,main
A,branched,pod,gru,64,,-1,25,all,0,19136,0.75801266406956,0.8512135977913775,0.8061364894274052,0.23154603046073202,5.716745853424072,4365,1521,4p5d_10ms_yaw_0_0_0,main
A,branched,ae,linear,64,,-1,25,all,0,19264,0.7668185774035322,0.8394678909831831,0.8921199883825891,0.3072115188437,21.068575382232666,4365,1521,4p5d_10ms_yaw_0_0_0,main
A,branched,ae,mlp,64,,-1,25,all,0,63296,0.7579341544315233,0.8347459787737177,0.8788434799027467,0.3072115188437,3.9318912029266357,4365,1521,4p5d_10ms_yaw_0_0_0,main
A,branched,ae,cnn,64,,-1,25,all,0,114720,0.7922381512678579,0.8427057824648891,0.8909805144390306,0.3072115188437,3.8683295249938965,4365,1521,4p5d_10ms_yaw_0_0_0,main
A,branched,ae,gru,64,,-1,25,all,0,19136,0.7719783538769768,0.8280694461704802,0.8624716724755194,0.3072115188437,4.38209867477417,4365,1521,4p5d_10ms_yaw_0_0_0,main
A,podlse,pod,closed-form,128,,300,25,all,0,38400,0.7214989564141635,0.8432252421440549,0.8114034769184008,0.16793552847303084,6.458273649215698,4365,1521,4p5d_10ms_yaw_0_0_0,main
A,epod,pod,closed-form,128,,300,25,all,0,3492600,0.7128067497481447,0.8519235094143888,nan,0.16793552847303084,3.233527183532715,4365,1521,4p5d_10ms_yaw_0_0_0,main
A,branched,pod,linear,128,,-1,25,all,0,38528,0.7622729735752501,0.842996602915144,0.8111287523645647,0.16793552847303084,8.094197511672974,4365,1521,4p5d_10ms_yaw_0_0_0,main
A,branched,pod,mlp,128,,-1,25,all,0,71552,0.76446419918182,0.8376549828292899,0.8047104565986224,0.16793552847303084,4.392204523086548,4365,1521,4p5d_10ms_yaw_0_0_0,main
A,branched,pod,cnn,128,,-1,25,all,0,217184,0.7597502049657074,0.8483444295921141,0.8175545057438982,0.16793552847303084,4.468221426010132,4365,1521,4p5d_10ms_yaw_0_0_0,main
A,branched,pod,gru,128,,-1,25,all,0,23296,0.7573744126545702,0.8481948803131404,0.8173748127877143,0.16793552847303084,5.961236238479614,4365,1521,4p5d_10ms_yaw_0_0_0,main
A,branched,ae,linear,128,,-1,25,all,0,38528,0.7677048616499708,0.8439363575572016,0.91271203954427,0.28969057370897056,23.66136646270752,4365,1521,4p5d_10ms_yaw_0_0_0,main
A,branched,ae,mlp,128,,-1,25,all,0,71552,0.7558262558232421,0.8332934671363397,0.8898406177564909,0.28969057370897056,4.079021453857422,4365,1521,4p5d_10ms_yaw_0_0_0,main
A,branched,ae,cnn,128,,-1,25,all,0,217184,0.796564448585739,0.8480681152544799,0.9082779114096897,0.28969057370897056,3.8687026500701904,4365,1521,4p5d_10ms_yaw_0_0_0,main
A,branched,ae,gru,128,,-1,25,all,0,23296,0.7810702608081992,0.8341370107599267,0.8799285796353966,0.28969057370897056,4.347056150436401,4365,1521,4p5d_10ms_yaw_0_0_0,main
B,podlse,pod,closed-form,64,,12,1,all,0,768,0.8696290610301604,0.9095046913842022,0.8818841242599397,0.23207692339544772,4.46668004989624,4365,1521,4p5d_10ms_yaw_0_0_0,main
B,branched,pod,linear,64,,-1,1,all,0,832,0.8795517206953792,0.9127483907258555,0.886188189030676,0.23154603046073202,10.794890880584717,4365,1521,4p5d_10ms_yaw_0_0_0,main
B,branched,pod,mlp,64,,-1,1,all,0,26432,0.8537633568715903,0.9111152030872385,0.8840635463690589,0.23154603046073202,4.794084787368774,4365,1521,4p5d_10ms_yaw_0_0_0,main
B,branched,pod,cnn,64,,-1,1,all,0,16416,0.8576944217340969,0.9119144136571208,0.8851032535234831,0.23154603046073202,7.842516183853149,4365,1521,4p5d_10ms_yaw_0_0_0,main
B,branched,pod,gru,64,,-1,1,all,0,19136,0.859216980028375,0.9067978659122883,0.8784470461399424,0.23154603046073202,7.212340354919434,4365,1521,4p5d_10ms_yaw_0_0_0,main
B,branched,ae,linear,64,,-1,1,all,0,832,0.8921074883151634,0.9126577134618677,0.9344962037979845,0.3072115188437,7.068907976150513,4365,1521,4p5d_10ms_yaw_0_0_0,main
B,branched,ae,mlp,64,,-1,1,all,0,26432,0.8776589813480561,0.9095248425812734,0.9305574618995424,0.3072115188437,3.916350841522217,4365,1521,4p5d_10ms_yaw_0_0_0,main
B,branched,ae,cnn,64,,-1,1,all,0,16416,0.8793514328879926,0.9090393394273257,0.9266891066603539,0.3072115188437,5.754948377609253,4365,1521,4p5d_10ms_yaw_0_0_0,main
B,branched,ae,gru,64,,-1,1,all,0,19136,0.8833955065080918,0.9115162308573892,0.9284372830339455,0.3072115188437,4.570051431655884,4365,1521,4p5d_10ms_yaw_0_0_0,main
B,podlse,pod,closed-form,64,,24,2,all,0,1536,0.8132050001112436,0.8652550012543281,0.8242793122446085,0.23207692339544772,4.486183404922485,4365,1521,4p5d_10ms_yaw_0_0_0,main
B,branched,pod,linear,64,,-1,2,all,0,1600,0.8466610329464924,0.8862675820126504,0.8517388369930676,0.23154603046073202,10.783005714416504,4365,1521,4p5d_10ms_yaw_0_0_0,main
B,branched,pod,mlp,64,,-1,2,all,0,27968,0.776444209305899,0.8648679431638281,0.8238996686291066,0.23154603046073202,5.497309446334839,4365,1521,4p5d_10ms_yaw_0_0_0,main
B,branched,pod,cnn,64,,-1,2,all,0,20512,0.7851036644225386,0.860602064613279,0.8183501118338767,0.23154603046073202,6.407294750213623,4365,1521,4p5d_10ms_yaw_0_0_0,main
B,branched,pod,gru,64,,-1,2,all,0,19136,0.7909905144270668,0.8619436450014029,0.8200953974698924,0.23154603046073202,7.473793268203735,4365,1521,4p5d_10ms_yaw_0_0_0,main
B,branched,ae,linear,64,,-1,2,all,0,1600,0.8365170399228139,0.8677493460734643,0.9020336870017234,0.3072115188437,7.176573276519775,4365,1521,4p5d_10ms_yaw_0_0_0,main
B,branched,ae,mlp,64,,-1,2,all,0,27968,0.809988703776383,0.8645471553997929,0.896086816072855,0.3072115188437,4.281549453735352,4365,1521,4p5d_10ms_yaw_0_0_0,main
B,branched,ae,cnn,64,,-1,2,all,0,20512,0.8102597196823265,0.8617056469473605,0.8928800915717965,0.3072115188437,5.28430962562561,4365,1521,4p5d_10ms_yaw_0_0_0,main
B,branched,ae,gru,64,,-1,2,all,0,19136,0.8121542332405906,0.8681542704393351,0.8960757948767529,0.3072115188437,5.362927198410034,4365,1521,4p5d_10ms_yaw_0_0_0,main
B,podlse,pod,closed-form,64,,60,5,all,0,3840,0.7776695070009012,0.840419011841145,0.7919475038825136,0.23207692339544772,4.494385480880737,4365,1521,4p5d_10ms_yaw_0_0_0,main
B,branched,pod,linear,64,,-1,5,all,0,3904,0.8091500992385768,0.8611319679203513,0.8190394724107734,0.23154603046073202,10.76043963432312,4365,1521,4p5d_10ms_yaw_0_0_0,main
B,branched,pod,mlp,64,,-1,5,all,0,32576,0.7478249412046959,0.852918279039825,0.8083541393895224,0.23154603046073202,5.08169412612915,4365,1521,4p5d_10ms_yaw_0_0_0,main
B,branched,pod,cnn,64,,-1,5,all,0,32800,0.7708910033768779,0.85475876057489,0.8107484543444339,0.23154603046073202,4.985074758529663,4365,1521,4p5d_10ms_yaw_0_0_0,main
B,branched,pod,gru,64,,-1,5,all,0,19136,0.7905691975349134,0.8481572187161208,0.8021603918744858,0.23154603046073202,5.877735614776611,4365,1521,4p5d_10ms_yaw_0_0_0,main
B,branched,ae,linear,64,,-1,5,all,0,3904,0.8108570467777221,0.8509623239731638,0.8874999131274798,0.3072115188437,7.158154487609863,4365,1521,4p5d_10ms_yaw_0_0_0,main
B,branched,ae,mlp,64,,-1,5,all,0,32576,0.781082533461211,0.8439816970814822,0.8800953098462139,0.3072115188437,4.232795000076294,4365,1521,4p5d_10ms_yaw_0_0_0,main
B,branched,ae,cnn,64,,-1,5,all,0,32800,0.7935473890096065,0.8436948933306745,0.8812629278025734,0.3072115188437,4.475200176239014,4365,1521,4p5d_10ms_yaw_0_0_0,main
B,branched,ae,gru,64,,-1,5,all,0,19136,0.8000596699648295,0.8558381045971056,0.8843107281212472,0.3072115188437,4.700137615203857,4365,1521,4p5d_10ms_yaw_0_0_0,main
B,podlse,pod,closed-form,64,,120,10,all,0,7680,0.7549275428076881,0.8305431588136524,0.7790909922217533,0.23207692339544772,4.5610175132751465,4365,1521,4p5d_10ms_yaw_0_0_0,main
B,branched,pod,linear,64,,-1,10,all,0,7744,0.7831227297730061,0.8455174903898639,0.7987263226442086,0.23154603046073202,10.784718990325928,4365,1521,4p5d_10ms_yaw_0_0_0,main
B,branched,pod,mlp,64,,-1,10,all,0,40256,0.7673932663127933,0.8336900161921221,0.783339752439102,0.23154603046073202,4.340693235397339,4365,1521,4p5d_10ms_yaw_0_0_0,main
B,branched,pod,cnn,64,,-1,10,all,0,53280,0.7646751811431809,0.8448691304572656,0.7978828597497384,0.23154603046073202,4.550567150115967,4365,1521,4p5d_10ms_yaw_0_0_0,main
B,branched,pod,gru,64,,-1,10,all,0,19136,0.7860117186869374,0.8374339843702375,0.7882103468073616,0.23154603046073202,5.487929344177246,4365,1521,4p5d_10ms_yaw_0_0_0,main
B,branched,ae,linear,64,,-1,10,all,0,7744,0.7897759209949385,0.8372999181143798,0.877639549123043,0.3072115188437,6.406698942184448,4365,1521,4p5d_10ms_yaw_0_0_0,main
B,branched,ae,mlp,64,,-1,10,all,0,40256,0.7790073971016969,0.831045981542336,0.8704287983467914,0.3072115188437,3.9132494926452637,4365,1521,4p5d_10ms_yaw_0_0_0,main
B,branched,ae,cnn,64,,-1,10,all,0,53280,0.7889523040045292,0.8356727895946534,0.8747511385443361,0.3072115188437,4.143537759780884,4365,1521,4p5d_10ms_yaw_0_0_0,main
B,branched,ae,gru,64,,-1,10,all,0,19136,0.789372211108018,0.8459107627623552,0.8740626653896689,0.3072115188437,4.385661363601685,4365,1521,4p5d_10ms_yaw_0_0_0,main
B,podlse,pod,closed-form,64,,300,25,all,0,19200,0.7257036264164348,0.8393245096514069,0.7905226669468159,0.23207692339544772,4.683776617050171,4365,1521,4p5d_10ms_yaw_0_0_0,main
B,branched,pod,linear,64,,-1,25,all,0,19264,0.7641603640882979,0.840994656759071,0.7928424884440459,0.23154603046073202,8.218729734420776,4365,1521,4p5d_10ms_yaw_0_0_0,main
B,branched,pod,mlp,64,,-1,25,all,0,63296,0.7757054450855723,0.8350508414709101,0.785110074093488,0.23154603046073202,4.048974275588989,4365,1521,4p5d_10ms_yaw_0_0_0,main
B,branched,pod,cnn,64,,-1,25,all,0,114720,0.7608096895486317,0.8468226457345601,0.8004242222975069,0.23154603046073202,4.212827444076538,4365,1521,4p5d_10ms_yaw_0_0_0,main
B,branched,pod,gru,64,,-1,25,all,0,19136,0.75801266406956,0.8512135977913775,0.8061364894274052,0.23154603046073202,5.684127569198608,4365,1521,4p5d_10ms_yaw_0_0_0,main
B,branched,ae,linear,64,,-1,25,all,0,19264,0.7668185774035322,0.8394678909831831,0.8921199883825891,0.3072115188437,5.524575233459473,4365,1521,4p5d_10ms_yaw_0_0_0,main
B,branched,ae,mlp,64,,-1,25,all,0,63296,0.7579341544315233,0.8347459787737177,0.8788434799027467,0.3072115188437,3.92353892326355,4365,1521,4p5d_10ms_yaw_0_0_0,main
B,branched,ae,cnn,64,,-1,25,all,0,114720,0.7922383078090092,0.8427057542251624,0.8909804958048406,0.3072115188437,3.8584377765655518,4365,1521,4p5d_10ms_yaw_0_0_0,main
B,branched,ae,gru,64,,-1,25,all,0,19136,0.7719783538769768,0.8280694461704802,0.8624716724755194,0.3072115188437,4.371783494949341,4365,1521,4p5d_10ms_yaw_0_0_0,main
B,podlse,pod,closed-form,64,,600,50,all,0,38400,0.6892148012518123,0.8835894168102126,0.8481472886848472,0.23207692339544772,5.075057029724121,4365,1521,4p5d_10ms_yaw_0_0_0,main
B,branched,pod,linear,64,,-1,50,all,0,38464,0.7516275282027279,0.854455921950765,0.8103544862263882,0.23154603046073202,7.583005905151367,4365,1521,4p5d_10ms_yaw_0_0_0,main
B,branched,pod,mlp,64,,-1,50,all,0,101696,0.765393430787176,0.8400406831153586,0.7916014472718232,0.23154603046073202,4.12226676940918,4365,1521,4p5d_10ms_yaw_0_0_0,main
B,branched,pod,cnn,64,,-1,50,all,0,217120,0.7744248212120762,0.8518398499737634,0.8069511919589246,0.23154603046073202,4.214028358459473,4365,1521,4p5d_10ms_yaw_0_0_0,main
B,branched,pod,gru,64,,-1,50,all,0,19136,0.765077679712882,0.842753550434365,0.7951306643103183,0.23154603046073202,5.663021802902222,4365,1521,4p5d_10ms_yaw_0_0_0,main
B,branched,ae,linear,64,,-1,50,all,0,38464,0.7481735685633935,0.8569766827102208,0.9195580978006587,0.3072115188437,5.88703727722168,4365,1521,4p5d_10ms_yaw_0_0_0,main
B,branched,ae,mlp,64,,-1,50,all,0,101696,0.7692991103813432,0.8428036057014553,0.8886956981938103,0.3072115188437,3.809464931488037,4365,1521,4p5d_10ms_yaw_0_0_0,main
B,branched,ae,cnn,64,,-1,50,all,0,217120,0.7825545406365682,0.8482955011463789,0.9026783061562453,0.3072115188437,3.9138617515563965,4365,1521,4p5d_10ms_yaw_0_0_0,main
B,branched,ae,gru,64,,-1,50,all,0,19136,0.7723276119994696,0.8268114065707688,0.8618376443171625,0.3072115188437,4.446322202682495,4365,1521,4p5d_10ms_yaw_0_0_0,main
B,podlse,pod,closed-form,64,,1200,100,all,0,76800,0.6184902175945055,0.9855076796610588,0.9808257855335403,0.23207692339544772,6.71698784828186,4365,1521,4p5d_10ms_yaw_0_0_0,main
B,branched,pod,linear,64,,-1,100,all,0,76864,0.7372401502115213,0.8790598520860057,0.8423621737527498,0.23154603046073202,6.109958171844482,4365,1521,4p5d_10ms_yaw_0_0_0,main
B,branched,pod,mlp,64,,-1,100,all,0,178496,0.7434120611333955,0.8620409245533656,0.8202219501582154,0.23154603046073202,4.328651189804077,4365,1521,4p5d_10ms_yaw_0_0_0,main
B,branched,pod,cnn,64,,-1,100,all,0,421920,0.7778194379535796,0.8614350963468906,0.8194338175379016,0.23154603046073202,4.152420997619629,4365,1521,4p5d_10ms_yaw_0_0_0,main
B,branched,pod,gru,64,,-1,100,all,0,19136,0.7647809033362255,0.8477011095336782,0.801567031378448,0.23154603046073202,5.873646020889282,4365,1521,4p5d_10ms_yaw_0_0_0,main
B,branched,ae,linear,64,,-1,100,all,0,76864,0.7130340558599947,0.9096376071270512,1.001926098024183,0.3072115188437,6.656986951828003,4365,1521,4p5d_10ms_yaw_0_0_0,main
B,branched,ae,mlp,64,,-1,100,all,0,178496,0.7734896315543682,0.8572066102341915,0.9094238996959779,0.3072115188437,3.867971181869507,4365,1521,4p5d_10ms_yaw_0_0_0,main
B,branched,ae,cnn,64,,-1,100,all,0,421920,0.7736846604420198,0.8693022393555331,0.929811000343467,0.3072115188437,4.006168603897095,4365,1521,4p5d_10ms_yaw_0_0_0,main
B,branched,ae,gru,64,,-1,100,all,0,19136,0.7722521057477636,0.827074359390556,0.8619284388367277,0.3072115188437,4.575364589691162,4365,1521,4p5d_10ms_yaw_0_0_0,main
C,podlse,pod,closed-form,64,,300,25,all,0,19200,0.7257036264164348,0.8393245096514069,0.7905226669468159,0.23207692339544772,4.6812050342559814,4365,1521,4p5d_10ms_yaw_0_0_0,main
C,branched,pod,linear,64,,-1,25,all,0,19264,0.7641603640882979,0.840994656759071,0.7928424884440459,0.23154603046073202,8.254853963851929,4365,1521,4p5d_10ms_yaw_0_0_0,main
C,branched,pod,mlp,64,,-1,25,all,0,63296,0.7757054450855723,0.8350508414709101,0.785110074093488,0.23154603046073202,4.067124366760254,4365,1521,4p5d_10ms_yaw_0_0_0,main
C,branched,pod,cnn,64,,-1,25,all,0,114720,0.7608095985820694,0.846822552238931,0.8004241006673907,0.23154603046073202,4.2210915088653564,4365,1521,4p5d_10ms_yaw_0_0_0,main
C,branched,pod,gru,64,,-1,25,all,0,19136,0.75801266406956,0.8512135977913775,0.8061364894274052,0.23154603046073202,5.688411235809326,4365,1521,4p5d_10ms_yaw_0_0_0,main
C,branched,ae,linear,64,,-1,25,all,0,19264,0.7668185774035322,0.8394678909831831,0.8921199883825891,0.3072115188437,5.52729868888855,4365,1521,4p5d_10ms_yaw_0_0_0,main
C,branched,ae,mlp,64,,-1,25,all,0,63296,0.7579341544315233,0.8347459787737177,0.8788434799027467,0.3072115188437,3.9126393795013428,4365,1521,4p5d_10ms_yaw_0_0_0,main
C,branched,ae,cnn,64,,-1,25,all,0,114720,0.7922377090727892,0.8427048575603706,0.8909798908964155,0.3072115188437,3.8664066791534424,4365,1521,4p5d_10ms_yaw_0_0_0,main
C,branched,ae,gru,64,,-1,25,all,0,19136,0.7719783538769768,0.8280694461704802,0.8624716724755194,0.3072115188437,4.383541107177734,4365,1521,4p5d_10ms_yaw_0_0_0,main
C,podlse,pod,closed-form,64,,150,25,disc2,0,9600,0.747218294052626,0.821077301655296,0.7667682184221927,0.23207692339544772,4.569540500640869,4365,1521,4p5d_10ms_yaw_0_0_0,main
C,branched,pod,linear,64,,-1,25,disc2,0,9664,0.7722647076061132,0.8298724628820476,0.7783734298722418,0.23154603046073202,8.557029008865356,4365,1521,4p5d_10ms_yaw_0_0_0,main
C,branched,pod,mlp,64,,-1,25,disc2,0,44096,0.7566451334149393,0.8254574305513875,0.7726298362885429,0.23154603046073202,4.4203479290008545,4365,1521,4p5d_10ms_yaw_0_0_0,main
C,branched,pod,cnn,64,,-1,25,disc2,0,113760,0.7536455732043448,0.8296905063493633,0.7781367194032425,0.23154603046073202,4.313184976577759,4365,1521,4p5d_10ms_yaw_0_0_0,main
C,branched,pod,gru,64,,-1,25,disc2,0,17984,0.7674977737012096,0.8334312945984269,0.7830031769456015,0.23154603046073202,6.087657451629639,4365,1521,4p5d_10ms_yaw_0_0_0,main
C,branched,ae,linear,64,,-1,25,disc2,0,9664,0.7806419744115741,0.8264072181040646,0.8701835812566424,0.3072115188437,5.247998476028442,4365,1521,4p5d_10ms_yaw_0_0_0,main
C,branched,ae,mlp,64,,-1,25,disc2,0,44096,0.7500160536442679,0.8195271193041456,0.8583305179155366,0.3072115188437,4.1110310554504395,4365,1521,4p5d_10ms_yaw_0_0_0,main
C,branched,ae,cnn,64,,-1,25,disc2,0,113760,0.7950513501781432,0.8346880172978929,0.8792595278466595,0.3072115188437,3.837401866912842,4365,1521,4p5d_10ms_yaw_0_0_0,main
C,branched,ae,gru,64,,-1,25,disc2,0,17984,0.7782375194930752,0.8232314266137905,0.8549734084340989,0.3072115188437,4.518641233444214,4365,1521,4p5d_10ms_yaw_0_0_0,main
C,podlse,pod,closed-form,64,,150,25,disc3,0,9600,0.8484532738939673,0.9188531716367361,0.8940540953037075,0.23207692339544772,4.5641093254089355,4365,1521,4p5d_10ms_yaw_0_0_0,main
C,branched,pod,linear,64,,-1,25,disc3,0,9664,0.9233043539988266,0.9599182004679323,0.947552228133511,0.23154603046073202,6.3240790367126465,4365,1521,4p5d_10ms_yaw_0_0_0,main
C,branched,pod,mlp,64,,-1,25,disc3,0,44096,0.9011366671001757,0.9599155754110925,0.9475488131506768,0.23154603046073202,4.122787237167358,4365,1521,4p5d_10ms_yaw_0_0_0,main
C,branched,pod,cnn,64,,-1,25,disc3,0,113760,0.924181568661284,0.9618400821893496,0.9500524380293941,0.23154603046073202,3.9204442501068115,4365,1521,4p5d_10ms_yaw_0_0_0,main
C,branched,pod,gru,64,,-1,25,disc3,0,17984,0.9253439356782183,0.9704589118905667,0.9612648259041408,0.23154603046073202,4.691964626312256,4365,1521,4p5d_10ms_yaw_0_0_0,main
C,branched,ae,linear,64,,-1,25,disc3,0,9664,0.9248772302780685,0.954632880452626,0.9798455101918283,0.3072115188437,6.052254676818848,4365,1521,4p5d_10ms_yaw_0_0_0,main
C,branched,ae,mlp,64,,-1,25,disc3,0,44096,0.9467922104093178,0.956040007009756,0.9736066411461765,0.3072115188437,3.6359786987304688,4365,1521,4p5d_10ms_yaw_0_0_0,main
C,branched,ae,cnn,64,,-1,25,disc3,0,113760,0.9484170566849423,0.9625271626396109,0.9763030323341725,0.3072115188437,3.833491563796997,4365,1521,4p5d_10ms_yaw_0_0_0,main
C,branched,ae,gru,64,,-1,25,disc3,0,17984,0.9397463445829726,0.9583975003442937,0.9741705307569846,0.3072115188437,4.309628009796143,4365,1521,4p5d_10ms_yaw_0_0_0,main
C,podlse,pod,closed-form,64,,150,25,forces,0,9600,0.7716736999804943,0.8475727463940892,0.8012603269310016,0.23207692339544772,4.577987194061279,4365,1521,4p5d_10ms_yaw_0_0_0,main
C,branched,pod,linear,64,,-1,25,forces,0,9664,0.8001966455519585,0.8544868870947504,0.8103947693294309,0.23154603046073202,10.776754379272461,4365,1521,4p5d_10ms_yaw_0_0_0,main
C,branched,pod,mlp,64,,-1,25,forces,0,44096,0.7919248007689368,0.848893380398625,0.803118077617087,0.23154603046073202,4.181216716766357,4365,1521,4p5d_10ms_yaw_0_0_0,main
C,branched,pod,cnn,64,,-1,25,forces,0,113760,0.7949239316327175,0.8826027868681584,0.8469712402234354,0.23154603046073202,4.298725128173828,4365,1521,4p5d_10ms_yaw_0_0_0,main
C,branched,pod,gru,64,,-1,25,forces,0,17984,0.8580932950701281,0.925904301560172,0.9033029459331244,0.23154603046073202,5.2586891651153564,4365,1521,4p5d_10ms_yaw_0_0_0,main
C,branched,ae,linear,64,,-1,25,forces,0,9664,0.8002616432522545,0.8501635468333558,0.896981395155823,0.3072115188437,5.506004571914673,4365,1521,4p5d_10ms_yaw_0_0_0,main
C,branched,ae,mlp,64,,-1,25,forces,0,44096,0.8079343444553325,0.8515725181559417,0.8961008233507435,0.3072115188437,3.7875630855560303,4365,1521,4p5d_10ms_yaw_0_0_0,main
C,branched,ae,cnn,64,,-1,25,forces,0,113760,0.8075828333240622,0.8669559337235947,0.9141980089731871,0.3072115188437,3.9725167751312256,4365,1521,4p5d_10ms_yaw_0_0_0,main
C,branched,ae,gru,64,,-1,25,forces,0,17984,0.8271100863381968,0.8822870287971198,0.9155191936285704,0.3072115188437,4.750973224639893,4365,1521,4p5d_10ms_yaw_0_0_0,main
C,podlse,pod,closed-form,64,,150,25,moments,0,9600,0.7477660108963375,0.8248376119014051,0.7716634383482682,0.23207692339544772,4.571768760681152,4365,1521,4p5d_10ms_yaw_0_0_0,main
C,branched,pod,linear,64,,-1,25,moments,0,9664,0.7700047207866033,0.8370301762380804,0.7876850256719315,0.23154603046073202,10.177284479141235,4365,1521,4p5d_10ms_yaw_0_0_0,main
C,branched,pod,mlp,64,,-1,25,moments,0,44096,0.7569513772578732,0.835235789081127,0.7853506757081091,0.23154603046073202,4.274095296859741,4365,1521,4p5d_10ms_yaw_0_0_0,main
C,branched,pod,cnn,64,,-1,25,moments,0,113760,0.7241550099752925,0.8377814525174623,0.7886623742607239,0.23154603046073202,4.501418352127075,4365,1521,4p5d_10ms_yaw_0_0_0,main
C,branched,pod,gru,64,,-1,25,moments,0,17984,0.7678803722839388,0.8380449030749665,0.789005101746816,0.23154603046073202,5.6919026374816895,4365,1521,4p5d_10ms_yaw_0_0_0,main
C,branched,ae,linear,64,,-1,25,moments,0,9664,0.7756620419516578,0.8287788017355177,0.8748707287517308,0.3072115188437,6.418607473373413,4365,1521,4p5d_10ms_yaw_0_0_0,main
C,branched,ae,mlp,64,,-1,25,moments,0,44096,0.7605970048392288,0.8199569285356577,0.8657143564105868,0.3072115188437,3.9083192348480225,4365,1521,4p5d_10ms_yaw_0_0_0,main
C,branched,ae,cnn,64,,-1,25,moments,0,113760,0.7743493029566543,0.8287836217726494,0.8795429753890844,0.3072115188437,3.9391589164733887,4365,1521,4p5d_10ms_yaw_0_0_0,main
C,branched,ae,gru,64,,-1,25,moments,0,17984,0.7588618984288056,0.8240867954142771,0.8555483855146447,0.3072115188437,4.634176969528198,4365,1521,4p5d_10ms_yaw_0_0_0,main
D,branched,pod,linear,64,,-1,25,all,0,19264,0.7641603640882979,0.840994656759071,0.7928424884440459,0.23154603046073202,8.223350763320923,4365,1521,4p5d_10ms_yaw_0_0_0,main
D,branched,pod,mlp,64,,-1,25,all,0,63296,0.7757054450855723,0.8350508414709101,0.785110074093488,0.23154603046073202,4.0504982471466064,4365,1521,4p5d_10ms_yaw_0_0_0,main
D,branched,pod,cnn,64,,-1,25,all,0,114720,0.7608096209004347,0.8468226759045424,0.8004242615461702,0.23154603046073202,4.211108922958374,4365,1521,4p5d_10ms_yaw_0_0_0,main
D,branched,pod,gru,64,,-1,25,all,0,19136,0.75801266406956,0.8512135977913775,0.8061364894274052,0.23154603046073202,5.686654567718506,4365,1521,4p5d_10ms_yaw_0_0_0,main
D,branched,ae,linear,64,,-1,25,all,0,19264,0.7668185774035322,0.8394678909831831,0.8921199883825891,0.3072115188437,5.521638631820679,4365,1521,4p5d_10ms_yaw_0_0_0,main
D,branched,ae,mlp,64,,-1,25,all,0,63296,0.7579341544315233,0.8347459787737177,0.8788434799027467,0.3072115188437,3.9269540309906006,4365,1521,4p5d_10ms_yaw_0_0_0,main
D,branched,ae,cnn,64,,-1,25,all,0,114720,0.7922375826825943,0.8427054150531761,0.8909804220149565,0.3072115188437,3.8530032634735107,4365,1521,4p5d_10ms_yaw_0_0_0,main
D,branched,ae,gru,64,,-1,25,all,0,19136,0.7719783538769768,0.8280694461704802,0.8624716724755194,0.3072115188437,4.36685037612915,4365,1521,4p5d_10ms_yaw_0_0_0,main
D,branched,pod,linear,64,,-1,25,all,1,19264,0.7633640766319144,0.8408638201191927,0.7926722807470155,0.23154603046073202,8.693976163864136,4365,1521,4p5d_10ms_yaw_0_0_0,main
D,branched,pod,mlp,64,,-1,25,all,1,63296,0.7677192223463397,0.839041758967597,0.7903019291944943,0.23154603046073202,4.112963914871216,4365,1521,4p5d_10ms_yaw_0_0_0,main
D,branched,pod,cnn,64,,-1,25,all,1,114720,0.7662155718192929,0.8423830815455937,0.794648714785797,0.23154603046073202,4.143272638320923,4365,1521,4p5d_10ms_yaw_0_0_0,main
D,branched,pod,gru,64,,-1,25,all,1,19136,0.781972290681604,0.8464688920969632,0.7999640179386388,0.23154603046073202,5.339156866073608,4365,1521,4p5d_10ms_yaw_0_0_0,main
D,branched,ae,linear,64,,-1,25,all,1,19264,0.7668812122675007,0.8392455062468929,0.8913803527818294,0.3069362477729068,20.453498363494873,4365,1521,4p5d_10ms_yaw_0_0_0,main
D,branched,ae,mlp,64,,-1,25,all,1,63296,0.7566234960111409,0.8275738924047003,0.8743406411289546,0.3069362477729068,3.922471046447754,4365,1521,4p5d_10ms_yaw_0_0_0,main
D,branched,ae,cnn,64,,-1,25,all,1,114720,0.7853209899731728,0.8396820974338569,0.8917142584613769,0.3069362477729068,3.8561253547668457,4365,1521,4p5d_10ms_yaw_0_0_0,main
D,branched,ae,gru,64,,-1,25,all,1,19136,0.7868792957519775,0.8223021033080146,0.8590998525159422,0.3069362477729068,4.295652151107788,4365,1521,4p5d_10ms_yaw_0_0_0,main
D,branched,pod,linear,64,,-1,25,all,2,19264,0.7635656797663756,0.8409599871464122,0.792797386132239,0.23154603046073202,7.910261392593384,4365,1521,4p5d_10ms_yaw_0_0_0,main
D,branched,pod,mlp,64,,-1,25,all,2,63296,0.772789976281977,0.8367947301984953,0.7873787297581107,0.23154603046073202,4.093979120254517,4365,1521,4p5d_10ms_yaw_0_0_0,main
D,branched,pod,cnn,64,,-1,25,all,2,114720,0.75806703752478,0.8442409692798208,0.7970656737728099,0.23154603046073202,4.203699350357056,4365,1521,4p5d_10ms_yaw_0_0_0,main
D,branched,pod,gru,64,,-1,25,all,2,19136,0.7682217637180142,0.8558024015077642,0.8121061452777745,0.23154603046073202,5.610996246337891,4365,1521,4p5d_10ms_yaw_0_0_0,main
D,branched,ae,linear,64,,-1,25,all,2,19264,0.7684547980102147,0.8415182501786884,0.8927873892147657,0.3080577072461207,20.420916080474854,4365,1521,4p5d_10ms_yaw_0_0_0,main
D,branched,ae,mlp,64,,-1,25,all,2,63296,0.7634295394361922,0.8255972012607128,0.8740592628726803,0.3080577072461207,3.870516538619995,4365,1521,4p5d_10ms_yaw_0_0_0,main
D,branched,ae,cnn,64,,-1,25,all,2,114720,0.7822992399587181,0.8465157205671996,0.8961958998774001,0.3080577072461207,3.8836848735809326,4365,1521,4p5d_10ms_yaw_0_0_0,main
D,branched,ae,gru,64,,-1,25,all,2,19136,0.7733385747396537,0.8255660828692277,0.8615394506123651,0.3080577072461207,4.359375,4365,1521,4p5d_10ms_yaw_0_0_0,main
D,branched,pod,linear,64,,-1,25,all,3,19264,0.7639081138610404,0.8408607584011499,0.792668297703905,0.23154603046073202,7.772454023361206,4365,1521,4p5d_10ms_yaw_0_0_0,main
D,branched,pod,mlp,64,,-1,25,all,3,63296,0.7704679841168692,0.8369713414714586,0.7876084864842746,0.23154603046073202,4.083027601242065,4365,1521,4p5d_10ms_yaw_0_0_0,main
D,branched,pod,cnn,64,,-1,25,all,3,114720,0.7587506753977777,0.8455685854934228,0.7987927931674079,0.23154603046073202,4.186018466949463,4365,1521,4p5d_10ms_yaw_0_0_0,main
D,branched,pod,gru,64,,-1,25,all,3,19136,0.7583436867524637,0.8450293877713714,0.7980913413218089,0.23154603046073202,5.681889772415161,4365,1521,4p5d_10ms_yaw_0_0_0,main
D,branched,ae,linear,64,,-1,25,all,3,19264,0.7693139210980838,0.841858916804438,0.8900680791161372,0.3099283919405197,21.812166213989258,4365,1521,4p5d_10ms_yaw_0_0_0,main
D,branched,ae,mlp,64,,-1,25,all,3,63296,0.7616931927092946,0.8314944340491507,0.8739233572051185,0.3099283919405197,3.937528371810913,4365,1521,4p5d_10ms_yaw_0_0_0,main
D,branched,ae,cnn,64,,-1,25,all,3,114720,0.7967440457373433,0.8459826995838378,0.8908828179800348,0.3099283919405197,3.8716073036193848,4365,1521,4p5d_10ms_yaw_0_0_0,main
D,branched,ae,gru,64,,-1,25,all,3,19136,0.7798195345053774,0.8299245024650131,0.8613602585098815,0.3099283919405197,4.329970121383667,4365,1521,4p5d_10ms_yaw_0_0_0,main
D,branched,pod,linear,64,,-1,25,all,4,19264,0.7630126300753528,0.8410063577969695,0.7928577105310352,0.23154603046073202,8.302900791168213,4365,1521,4p5d_10ms_yaw_0_0_0,main
D,branched,pod,mlp,64,,-1,25,all,4,63296,0.7713834486216116,0.8379196290500202,0.7888421305538559,0.23154603046073202,4.091481447219849,4365,1521,4p5d_10ms_yaw_0_0_0,main
D,branched,pod,cnn,64,,-1,25,all,4,114720,0.7740813943045651,0.8451093009284004,0.798195301760055,0.23154603046073202,4.0864057540893555,4365,1521,4p5d_10ms_yaw_0_0_0,main
D,branched,pod,gru,64,,-1,25,all,4,19136,0.7693273522108132,0.8442550995534573,0.7970840560955009,0.23154603046073202,5.470307350158691,4365,1521,4p5d_10ms_yaw_0_0_0,main
D,branched,ae,linear,64,,-1,25,all,4,19264,0.7643807151607747,0.8390128000052384,0.8884721528618034,0.309761920244362,18.82029700279236,4365,1521,4p5d_10ms_yaw_0_0_0,main
D,branched,ae,mlp,64,,-1,25,all,4,63296,0.7675815512467904,0.8277206318924729,0.8693022595025303,0.309761920244362,3.801048517227173,4365,1521,4p5d_10ms_yaw_0_0_0,main
D,branched,ae,cnn,64,,-1,25,all,4,114720,0.7670282478090515,0.8402326288834373,0.887027513787398,0.309761920244362,3.954280138015747,4365,1521,4p5d_10ms_yaw_0_0_0,main
D,branched,ae,gru,64,,-1,25,all,4,19136,0.7685473481678095,0.8246219978182842,0.8585560123148336,0.309761920244362,4.358595848083496,4365,1521,4p5d_10ms_yaw_0_0_0,main
