tag,runs,test_run,model,latent,branch,r_field,r_sensor,n_delays,ridge,n_params,nmse_train,nmse_test,nmse_latent,floor_test,fit_seconds,seed,n_train,n_test
linear_baseline,4p5d_10ms_yaw_0_0_0,,podlse,pod,closed-form,64,12,1,0.001,768,0.8696523003466393,0.9092698424191461,0.8815783948764269,0.23207692339544772,2.9592220783233643,0,4365,1521
linear_baseline,4p5d_10ms_yaw_0_0_0,,epod,pod,closed-form,-1,12,1,0.001,139704,0.8690197056221753,0.9097774070005721,nan,0.23207692339544772,0.4544827938079834,0,4365,1521
linear_baseline,4p5d_10ms_yaw_0_0_0,,podlse,pod,closed-form,64,60,5,0.0001,3840,0.7776695070009012,0.840419011841145,0.7919475038825138,0.23207692339544772,3.0321147441864014,0,4365,1521
linear_baseline,4p5d_10ms_yaw_0_0_0,,epod,pod,closed-form,-1,60,5,0.0001,698520,0.7748382280294724,0.8427600301031845,nan,0.23207692339544772,0.5690269470214844,0,4365,1521
linear_baseline,4p5d_10ms_yaw_0_0_0,,podlse,pod,closed-form,64,120,10,0.01,7680,0.7663243584359772,0.8301574695635834,0.7785888970278356,0.23207692339544772,3.1298296451568604,0,4365,1521
linear_baseline,4p5d_10ms_yaw_0_0_0,,epod,pod,closed-form,-1,120,10,0.01,1397040,0.7625269914792142,0.8327284291355626,nan,0.23207692339544772,0.7251615524291992,0,4365,1521
linear_baseline,4p5d_10ms_yaw_0_0_0,,podlse,pod,closed-form,64,300,25,0.1,19200,0.7569866314060169,0.8301341055363602,0.778558481438661,0.23207692339544772,3.2680001258850098,0,4365,1521
linear_baseline,4p5d_10ms_yaw_0_0_0,,epod,pod,closed-form,-1,300,25,0.1,3492600,0.7514701898078379,0.8329662088840619,nan,0.23207692339544772,1.2907698154449463,0,4365,1521
linear_baseline,4p5d_10ms_yaw_0_0_0,,podlse,pod,closed-form,64,600,50,1.0,38400,0.7751575774076226,0.8353320530323732,0.7853252359061965,0.23207692339544772,3.7609050273895264,0,4365,1521
linear_baseline,4p5d_10ms_yaw_0_0_0,,epod,pod,closed-form,-1,600,50,1.0,6985200,0.7706225705770066,0.8366132256122221,nan,0.23207692339544772,2.297468423843384,0,4365,1521
linear_baseline,4p5d_10ms_yaw_0_0_0,,podlse,pod,closed-form,64,1200,100,1.0,76800,0.7590215231051197,0.8437932972298968,0.7963401917168156,0.23207692339544772,5.490636587142944,0,4365,1521
linear_baseline,4p5d_10ms_yaw_0_0_0,,epod,pod,closed-form,-1,1200,100,1.0,13970400,0.7506708253767892,0.8463607073353453,nan,0.23207692339544772,5.111990213394165,0,4365,1521
linear_baseline,4p5d_10ms_yaw_0_0_0,,podlse,pod,closed-form,64,20,1,0.001,1280,0.7685400139077939,0.8073213442350141,0.7488605372845281,0.23207692339544772,1.708714246749878,0,4365,1521
linear_baseline,4p5d_10ms_yaw_0_0_0,,epod,pod,closed-form,-1,20,1,0.001,232840,0.7663249106510185,0.8067772558979955,nan,0.23207692339544772,0.609947919845581,0,4365,1521
linear_baseline,4p5d_10ms_yaw_0_0_0,,podlse,pod,closed-form,64,100,5,0.001,6400,0.6437935004035618,0.696891130041384,0.6051010734156014,0.23207692339544772,2.3992836475372314,0,4365,1521
linear_baseline,4p5d_10ms_yaw_0_0_0,,epod,pod,closed-form,-1,100,5,0.001,1164200,0.6370476353976658,0.6979644914027382,nan,0.23207692339544772,3.2145493030548096,0,4365,1521
linear_baseline,4p5d_10ms_yaw_0_0_0,,podlse,pod,closed-form,64,200,10,0.1,12800,0.5960503110459152,0.6523191059662777,0.5470766429517169,0.23207692339544772,2.1252143383026123,0,4365,1521
linear_baseline,4p5d_10ms_yaw_0_0_0,,epod,pod,closed-form,-1,200,10,0.1,2328400,0.5872656012688271,0.6536171630545098,nan,0.23207692339544772,0.6696944236755371,0,4365,1521
linear_baseline,4p5d_10ms_yaw_0_0_0,,podlse,pod,closed-form,64,500,25,0.1,32000,0.5692294322647644,0.6493455200127495,0.5432055907621606,0.23207692339544772,2.471719741821289,0,4365,1521
linear_baseline,4p5d_10ms_yaw_0_0_0,,epod,pod,closed-form,-1,500,25,0.1,5821000,0.5518701680074825,0.6566001415745383,nan,0.23207692339544772,1.3629262447357178,0,4365,1521
linear_baseline,4p5d_10ms_yaw_0_0_0,,podlse,pod,closed-form,64,1000,50,1.0,64000,0.5965490064302001,0.6766669564303016,0.5787729857925581,0.23207692339544772,4.324277639389038,0,4365,1521
linear_baseline,4p5d_10ms_yaw_0_0_0,,epod,pod,closed-form,-1,1000,50,1.0,11642000,0.579002639655955,0.6794772168426862,nan,0.23207692339544772,3.0268943309783936,0,4365,1521
linear_baseline,4p5d_10ms_yaw_0_0_0,,podlse,pod,closed-form,64,2000,100,1.0,128000,0.5643072423826709,0.695664255927212,0.6035039130172818,0.23207692339544772,7.5099570751190186,0,4365,1521
linear_baseline,4p5d_10ms_yaw_0_0_0,,epod,pod,closed-form,-1,2000,100,1.0,23284000,0.5324046581269849,0.7030964451622266,nan,0.23207692339544772,7.8166584968566895,0,4365,1521
linear_baseline,4p5d_10ms_yaw_0_0_0,,podlse,pod,closed-form,64,20,1,0.001,1280,0.7685400139077939,0.8073213442350141,0.7488605372845281,0.23207692339544772,1.190854787826538,0,4365,1521
linear_baseline,4p5d_10ms_yaw_0_0_0,,epod,pod,closed-form,-1,20,1,0.001,232840,0.7663249106510185,0.8067772558979955,nan,0.23207692339544772,0.32563114166259766,0,4365,1521
linear_baseline,4p5d_10ms_yaw_0_0_0,,podlse,pod,closed-form,64,100,5,0.001,6400,0.6437935004035618,0.696891130041384,0.6051010734156014,0.23207692339544772,1.305088996887207,0,4365,1521
linear_baseline,4p5d_10ms_yaw_0_0_0,,epod,pod,closed-form,-1,100,5,0.001,1164200,0.6370476353976658,0.6979644914027382,nan,0.23207692339544772,0.4251589775085449,0,4365,1521
linear_baseline,4p5d_10ms_yaw_0_0_0,,podlse,pod,closed-form,64,200,10,0.1,12800,0.5960503110459152,0.6523191059662777,0.5470766429517169,0.23207692339544772,1.4467649459838867,0,4365,1521
linear_baseline,4p5d_10ms_yaw_0_0_0,,epod,pod,closed-form,-1,200,10,0.1,2328400,0.5872656012688271,0.6536171630545098,nan,0.23207692339544772,0.5703392028808594,0,4365,1521
linear_baseline,4p5d_10ms_yaw_0_0_0,,podlse,pod,closed-form,64,500,25,0.1,32000,0.5692294322647644,0.6493455200127495,0.5432055907621606,0.23207692339544772,1.7178118228912354,0,4365,1521
linear_baseline,4p5d_10ms_yaw_0_0_0,,epod,pod,closed-form,-1,500,25,0.1,5821000,0.5518701680074825,0.6566001415745383,nan,0.23207692339544772,0.9533798694610596,0,4365,1521
linear_baseline,4p5d_10ms_yaw_0_0_0,,podlse,pod,closed-form,64,1000,50,1.0,64000,0.5965490064302001,0.6766669564303016,0.5787729857925581,0.23207692339544772,2.5547566413879395,0,4365,1521
linear_baseline,4p5d_10ms_yaw_0_0_0,,epod,pod,closed-form,-1,1000,50,1.0,11642000,0.579002639655955,0.6794772168426862,nan,0.23207692339544772,1.9147450923919678,0,4365,1521
linear_baseline,4p5d_10ms_yaw_0_0_0,,podlse,pod,closed-form,64,2000,100,1.0,128000,0.5643072423826709,0.695664255927212,0.6035039130172818,0.23207692339544772,7.1347057819366455,0,4365,1521
linear_baseline,4p5d_10ms_yaw_0_0_0,,epod,pod,closed-form,-1,2000,100,1.0,23284000,0.5324046581269849,0.7030964451622266,nan,0.23207692339544772,6.430389404296875,0,4365,1521
