branch,cos_test,energy_test,epochs,epochs_run,frac,gap,label,lr,n_delays,n_fit,n_params,n_train,nmse_test,nmse_train,seconds,section,seed,stopped_early,train_loss,val_fraction
linear,0.3521199545246736,0.2932945037986044,50,50,,0.12766755756038584,linear ep50 vf0.2,0.001,,3552,4816,,0.8834564806819424,0.8405279102056005,8.82970929145813,epochs,0,0,0.6763857688989725,0.2
linear,0.41193478895604,0.3472536919376565,100,100,,0.08268262894396106,linear ep100 vf0.2,0.001,,3552,4816,,0.8384715520655176,0.7878433001286415,7.834908962249756,epochs,0,0,0.5698417151296461,0.2
linear,0.4572770734011657,0.42638684835334495,200,200,,0.04004001807673874,linear ep200 vf0.2,0.001,,3552,4816,,0.7958289411982953,0.7401934652630872,9.94155740737915,epochs,0,0,0.4747677037307808,0.2
linear,0.47948807007658945,0.48167915540659406,400,400,,0.018277165040158527,linear ep400 vf0.2,0.001,,3552,4816,,0.7740660881617151,0.7155245071418508,14.11251449584961,epochs,0,0,0.42706134646862476,0.2
linear,0.4873262804229358,0.4970434195804452,800,800,,0.010789601227327639,linear ep800 vf0.2,0.001,,3552,4816,,0.7665785243488842,0.7061925971824965,22.50128412246704,epochs,0,0,0.4081343313058217,0.2
linear,0.4875718614352445,0.4974563250335617,1600,1051,,0.010553770544630248,linear ep1600 vf0.2,0.001,,3552,4816,,0.7663426936661868,0.705905233666873,27.727006673812866,epochs,0,1,0.40742129221692813,0.2
linear,0.3787847104689749,0.3036724140665043,50,50,,0.11504098768666182,linear ep50 vf0.0,0.001,,4440,4816,,0.866236912026526,0.8227093534780906,7.026172399520874,epochs,0,0,0.65088340312511,0.0
linear,0.43452053171050414,0.3671734644491923,100,100,,0.06867696647392507,linear ep100 vf0.0,0.001,,4440,4816,,0.8198728908137892,0.768522566577885,8.317009210586548,epochs,0,0,0.5429053451563861,0.0
linear,0.4694327183033621,0.44829557835450295,200,200,,0.03312928729256537,linear ep200 vf0.0,0.001,,4440,4816,,0.7843252116324295,0.727675809871372,10.913607358932495,epochs,0,0,0.4615120953267759,0.0
linear,0.4853011338258521,0.48782246645732086,400,400,,0.017616616448394407,linear ep400 vf0.0,0.001,,4440,4816,,0.7688125407882586,0.7094771878859527,16.025506734848022,epochs,0,0,0.4252769098625527,0.0
linear,0.49159856189044043,0.49866133550998437,800,800,,0.011538076517203844,linear ep800 vf0.0,0.001,,4440,4816,,0.762734000857068,0.7020067941810475,26.161925792694092,epochs,0,0,0.4104707614795582,0.0
linear,0.4949829858325491,0.5044500838148148,1600,1600,,0.008229866545271358,linear ep1600 vf0.0,0.001,,4440,4816,,0.7594257908851355,0.6971502463539772,46.29348707199097,epochs,0,0,0.400876539677113,0.0
linear,0.48801344823532,0.49262588537786206,1600,1600,,0.015009475167748088,linear lr0.0003,0.0003,,4440,4816,,0.7662053995076122,0.7062605381284235,46.03165650367737,lr,0,0,0.4187595507583103,0.0
linear,0.4949829858325491,0.5044500838148148,1600,1600,,0.008229866545271358,linear lr0.001,0.001,,4440,4816,,0.7594257908851355,0.6971502463539772,46.15207886695862,lr,0,0,0.400876539677113,0.0
linear,0.4987879402956979,0.5120571420996349,1600,1600,,0.0044811155181284645,linear lr0.003,0.003,,4440,4816,,0.7556770398579926,0.6911167660153464,46.190945625305176,lr,0,0,0.3893174175743584,0.0
linear,0.5008035870954674,0.5194195018186476,1600,1600,,0.002499194484957168,linear lr0.01,0.01,,4440,4816,,0.7536951188248213,0.6870973009378083,46.17403960227966,lr,0,0,0.381876983191516,0.0
,,,,,0.125,,,,10,,1920,555,0.8271522423085356,0.6341128638302274,,learning_curve,,,,
,,,,,0.25,,,,10,,1920,1110,0.7784539825678337,0.688022503097063,,learning_curve,,,,
,,,,,0.5,,,,10,,1920,2220,0.7633680105513865,0.687500315337734,,learning_curve,,,,
,,,,,0.75,,,,10,,1920,3330,0.7574529425605291,0.6930026177776465,,learning_curve,,,,
,,,,,1.0,,,,10,,1920,4440,0.7553679686339926,0.6965021717777237,,learning_curve,,,,
,,,,,0.125,,,,25,,4800,555,0.9104936697204937,0.5776710428150864,,learning_curve,,,,
,,,,,0.25,,,,25,,4800,1110,0.7925754353078351,0.6544624663264207,,learning_curve,,,,
,,,,,0.5,,,,25,,4800,2220,0.7689470611901267,0.6678401572687621,,learning_curve,,,,
,,,,,0.75,,,,25,,4800,3330,0.755349773597494,0.6776674210965616,,learning_curve,,,,
,,,,,1.0,,,,25,,4800,4440,0.7511959243398642,0.6826354621959196,,learning_curve,,,,
,,,,,0.125,,,,50,,8864,555,1.2894517536225596,0.5009407152052969,,learning_curve,,,,
,,,,,0.25,,,,50,,9600,1110,0.854328166186475,0.6124250139316678,,learning_curve,,,,
,,,,,0.5,,,,50,,9600,2220,0.7963568225783278,0.6444297368068137,,learning_curve,,,,
,,,,,0.75,,,,50,,9600,3330,0.7678664815645282,0.662221805592857,,learning_curve,,,,
,,,,,1.0,,,,50,,9600,4440,0.757470684776703,0.6697344907200962,,learning_curve,,,,
,,,,,0.125,,,,100,,8864,555,1.659969947490799,0.46779556413652207,,learning_curve,,,,
,,,,,0.25,,,,100,,17744,1110,1.1283925132366028,0.5395781810979293,,learning_curve,,,,
,,,,,0.5,,,,100,,19200,2220,0.8709161428161681,0.6053627136192898,,learning_curve,,,,
,,,,,0.75,,,,100,,19200,3330,0.8144359035259058,0.6324011931398201,,learning_curve,,,,
,,,,,1.0,,,,100,,19200,4440,0.7852304511296868,0.6470145987915847,,learning_curve,,,,
linear,0.49159856189044043,0.49866133550998437,800,800,,,pod+linear,0.001,,4440,4816,,0.762734000857068,0.7020067941810475,25.965582370758057,performance,0,0,0.4104707614795582,0.0
mlp,0.40486499117552077,0.6639770011987918,800,800,,,pod+mlp,0.001,,4440,57104,,0.9069014414638464,0.5229723319825949,34.596582651138306,performance,0,0,0.05729465694040865,0.0
cnn,0.3686189256885958,0.6407027735644306,800,800,,,pod+cnn,0.001,,4440,37872,,0.9407454827873775,0.5062325853245243,40.953956604003906,performance,0,0,0.023513127323072237,0.0
gru,0.42191611899267933,0.6254593942424906,800,800,,,pod+gru,0.001,,4440,16016,,0.866715419655386,0.5913834840185376,44.863179206848145,performance,0,0,0.19216487928553744,0.0
linear,0.5006500091860858,0.5663935629383556,800,800,,,ae+linear,0.001,,4440,4816,,0.7574876924578801,0.6837876627886579,26.693686723709106,performance,0,0,0.4384449677961367,0.0
mlp,0.3862296130786607,0.7056287853862478,800,800,,,ae+mlp,0.001,,4440,57104,,0.9565185227472353,0.5028079951484429,35.0657103061676,performance,0,0,0.04832091822817519,0.0
cnn,0.354181856784409,0.7241394997088637,800,800,,,ae+cnn,0.001,,4440,37872,,1.0187354449104307,0.4968789906721422,39.61775994300842,performance,0,0,0.05265564567468188,0.0
gru,0.3756466151613385,0.6890119504061532,800,800,,,ae+gru,0.001,,4440,16016,,0.9604453251562736,0.508923954311554,44.92471098899841,performance,0,0,0.08714298486441105,0.0
