stage,model,latent,branch,r_field,r_sensor,r_sensor_used,ridge,n_delays,channels,seed,n_params,nmse_train,nmse_test,nmse_latent,cos_test,energy_test,floor_test,sensor_noise,weight_decay,lr,ensemble,nmse_fullband,epochs_run,train_loss,val_loss,stopped_early,n_fit,fit_seconds,n_train,n_test,run,tag
A,podlse,pod,closed-form,4,,300,0.0001,25,all,0,1200,0.6034948379378771,0.6691621140061336,0.2611429618773186,0.5796898694147465,0.5908220523812103,0.5511609363540422,0.1,0.0,0.001,1,0.7604767930684171,0,nan,nan,0,4365,9.075955390930176,4365,1521,4p5d_10ms_yaw_0_0_0,convA_both
A,epod,pod,closed-form,4,,300,0.0001,25,all,0,9444600,0.5394635875900408,0.6792370765741997,nan,0.5752989416721459,0.644870744146994,0.5511641734428337,0.1,0.0,0.001,1,0.7666791566417435,0,nan,nan,0,4365,12.920417785644531,4365,1521,4p5d_10ms_yaw_0_0_0,convA_both
A,branched,pod,linear,4,,-1,0.0001,25,all,0,1204,0.6274990302935424,0.6884839689992915,0.30389796371023003,0.5631421255513298,0.5616360736101761,0.5511641734428337,0.1,0.0,0.001,1,0.7745006576243453,1044,0.24737058216353872,0.267010360956192,1,3492,58.60952806472778,4365,1521,4p5d_10ms_yaw_0_0_0,convA_both
A,branched,pod,mlp,4,,-1,0.0001,25,all,0,55556,0.6039538870075652,0.7202307609463201,0.37415575420532066,0.5321221387674048,0.5385110044782525,0.5511641734428337,0.1,0.0,0.001,1,0.7975824263931511,265,0.11496321550588565,0.3470403552055359,1,3492,16.477885723114014,4365,1521,4p5d_10ms_yaw_0_0_0,convA_both
A,branched,pod,cnn,4,,-1,0.0001,25,all,0,18660,0.6288035092515271,0.7168203738118244,0.3666083375969793,0.5366962329054387,0.5701459039912964,0.5511641734428337,0.1,0.0,0.001,1,0.7951134690439375,222,0.16775638868718623,0.3486574590206146,1,3492,18.6590359210968,4365,1521,4p5d_10ms_yaw_0_0_0,convA_both
A,branched,pod,gru,4,,-1,0.0001,25,all,0,15236,0.6293342588024267,0.7251147894047322,0.38496443839538685,0.5286256943786252,0.5406135785608343,0.5511641734428337,0.1,0.0,0.001,1,0.8010691497026526,336,0.19194725806155974,0.3794172406196594,1,3492,22.843605756759644,4365,1521,4p5d_10ms_yaw_0_0_0,convA_both
A,branched,ae,linear,4,,-1,0.0001,25,all,0,1204,0.6098519057407029,0.6701331110785136,0.4136371978808277,0.5775626608461809,0.5789933066160512,0.5595093078255724,0.1,0.0,0.001,1,0.7597913145678724,284,0.25581452315342523,0.2976296544075012,1,3492,29.890557765960693,4365,1521,4p5d_10ms_yaw_0_0_0,convA_both
A,branched,ae,mlp,4,,-1,0.0001,25,all,0,55556,0.5879421248291412,0.6828801155036388,0.42278639058998546,0.5676455339266726,0.6045060347457043,0.5595093078255724,0.1,0.0,0.001,1,0.7689922421063707,215,0.07492510287383441,0.37932366132736206,1,3492,15.963526248931885,4365,1521,4p5d_10ms_yaw_0_0_0,convA_both
A,branched,ae,cnn,4,,-1,0.0001,25,all,0,18660,0.5924796769251175,0.6891110559704906,0.4417969645414389,0.5627172545475467,0.6070176654476191,0.5595093078255724,0.1,0.0,0.001,1,0.7736164663535121,215,0.10984455922966288,0.3611014485359192,1,3492,16.79321312904358,4365,1521,4p5d_10ms_yaw_0_0_0,convA_both
A,branched,ae,gru,4,,-1,0.0001,25,all,0,15236,0.6113264851795945,0.6867922606688827,0.4155136529942226,0.5659636152560529,0.6258632441241284,0.5595093078255724,0.1,0.0,0.001,1,0.7719534786739145,210,0.16209243741505197,0.34141382575035095,1,3492,17.3794846534729,4365,1521,4p5d_10ms_yaw_0_0_0,convA_both
A,podlse,pod,closed-form,8,,300,0.0001,25,all,0,2400,0.5815629147134929,0.6597394116607249,0.3706692382975788,0.5880576380608369,0.6098043347914943,0.45777953378688,0.1,0.0,0.001,1,0.7534195488817955,0,nan,nan,0,4365,8.853594064712524,4365,1521,4p5d_10ms_yaw_0_0_0,convA_both
A,epod,pod,closed-form,8,,300,0.0001,25,all,0,9444600,0.5394635875900408,0.6792370765741997,nan,0.5752989416721459,0.644870744146994,0.4577799557992751,0.1,0.0,0.001,1,0.7666791566417435,0,nan,nan,0,4365,8.445442914962769,4365,1521,4p5d_10ms_yaw_0_0_0,convA_both
A,branched,pod,linear,8,,-1,0.0001,25,all,0,2408,0.6127867497003208,0.6797637670793022,0.40742062745364954,0.5707775477628724,0.5728632651057576,0.4577799557992751,0.1,0.0,0.001,1,0.7681610953065183,972,0.3288632737811898,0.3548890948295593,1,3492,29.869361639022827,4365,1521,4p5d_10ms_yaw_0_0_0,convA_both
A,branched,pod,mlp,8,,-1,0.0001,25,all,0,56072,0.6045856144899943,0.7100651937986293,0.46303471127148077,0.5420813243567684,0.5229682322562723,0.4577799557992751,0.1,0.0,0.001,1,0.7902814059774236,260,0.23478170213762153,0.41708388924598694,1,3492,16.190553903579712,4365,1521,4p5d_10ms_yaw_0_0_0,convA_both
A,branched,pod,cnn,8,,-1,0.0001,25,all,0,25064,0.6182940909816319,0.7129016624802025,0.4682406577922449,0.5404293997474385,0.5748515055761836,0.4577799557992751,0.1,0.0,0.001,1,0.7923123344180436,222,0.2574999236842065,0.4207961857318878,1,3492,15.983108520507812,4365,1521,4p5d_10ms_yaw_0_0_0,convA_both
A,branched,pod,gru,8,,-1,0.0001,25,all,0,15496,0.6068778226135007,0.73157102824753,0.5025057002348718,0.5229339806170391,0.5621287362750448,0.4577799557992751,0.1,0.0,0.001,1,0.8059207345052404,353,0.26605652808665137,0.4682435691356659,1,3492,22.73719882965088,4365,1521,4p5d_10ms_yaw_0_0_0,convA_both
A,branched,ae,linear,8,,-1,0.0001,25,all,0,2408,0.5941818870147622,0.6682597850340771,0.5609461563871123,0.5812010588344502,0.6102640832389472,0.47048177622810006,0.1,0.0,0.001,1,0.7580618812847442,338,0.34482549559346315,0.37950384616851807,1,3492,32.697911739349365,4365,1521,4p5d_10ms_yaw_0_0_0,convA_both
A,branched,ae,mlp,8,,-1,0.0001,25,all,0,56072,0.591656167669282,0.6780505839480664,0.5744068125715982,0.5743015790470305,0.627377056075192,0.47048177622810006,0.1,0.0,0.001,1,0.7652742669774995,209,0.17392807859257461,0.4733998775482178,1,3492,15.54684066772461,4365,1521,4p5d_10ms_yaw_0_0_0,convA_both
A,branched,ae,cnn,8,,-1,0.0001,25,all,0,25064,0.6061181862733126,0.683693654501689,0.5871554566822016,0.567632240318633,0.6058784506371938,0.47048177622810006,0.1,0.0,0.001,1,0.7695261065646404,207,0.2147144584960271,0.4655035138130188,1,3492,16.457283973693848,4365,1521,4p5d_10ms_yaw_0_0_0,convA_both
A,branched,ae,gru,8,,-1,0.0001,25,all,0,15496,0.6100810013386628,0.6902412888489684,0.5736146899505506,0.5688439241335512,0.6499802202394204,0.47048177622810006,0.1,0.0,0.001,1,0.7741932225718745,210,0.25970823890428224,0.4531850218772888,1,3492,17.943678617477417,4365,1521,4p5d_10ms_yaw_0_0_0,convA_both
A,podlse,pod,closed-form,16,,300,0.0001,25,all,0,4800,0.5672516218826334,0.6587256267066254,0.45253514630816494,0.5893919918300718,0.6216804373241104,0.3746424771064552,0.1,0.0,0.001,1,0.7522623457910665,0,nan,nan,0,4365,9.383840084075928,4365,1521,4p5d_10ms_yaw_0_0_0,convA_both
A,epod,pod,closed-form,16,,300,0.0001,25,all,0,9444600,0.5394635875900408,0.6792370765741997,nan,0.5752989416721459,0.644870744146994,0.3746765302148086,0.1,0.0,0.001,1,0.7666791566417435,0,nan,nan,0,4365,8.647548913955688,4365,1521,4p5d_10ms_yaw_0_0_0,convA_both
A,branched,pod,linear,16,,-1,0.0001,25,all,0,4816,0.6046977509652223,0.6789189210925656,0.4846746492481789,0.5714264646444851,0.5796439890472442,0.3746765302148086,0.1,0.0,0.001,1,0.7673466967584721,932,0.39711755978419333,0.42994922399520874,1,3492,29.03235912322998,4365,1521,4p5d_10ms_yaw_0_0_0,convA_both
A,branched,pod,mlp,16,,-1,0.0001,25,all,0,57104,0.5949753611524438,0.7103170253760109,0.5346935343112766,0.5413435900537503,0.5355360686074533,0.3746765302148086,0.1,0.0,0.001,1,0.7904320510156876,263,0.3094696337005117,0.48240146040916443,1,3492,16.485769987106323,4365,1521,4p5d_10ms_yaw_0_0_0,convA_both
A,branched,pod,cnn,16,,-1,0.0001,25,all,0,37872,0.6094849336909993,0.7098184073217796,0.5338992086755684,0.5432167499518047,0.5792262419697397,0.3746765302148086,0.1,0.0,0.001,1,0.7899406037192938,222,0.3210191294499689,0.47960522770881653,1,3492,16.22309708595276,4365,1521,4p5d_10ms_yaw_0_0_0,convA_both
A,branched,pod,gru,16,,-1,0.0001,25,all,0,16016,0.589469334623485,0.7230067165570505,0.5549089014220001,0.5333330710687099,0.5931288762779183,0.3746765302148086,0.1,0.0,0.001,1,0.7989120269761819,385,0.33451228651121034,0.5029116868972778,1,3492,24.19156002998352,4365,1521,4p5d_10ms_yaw_0_0_0,convA_both
A,branched,ae,linear,16,,-1,0.0001,25,all,0,4816,0.5930292915926259,0.6736230186053929,0.6265933349075653,0.5793315666802988,0.6408599456522207,0.4115791190695395,0.1,0.0,0.001,1,0.7618282434877004,294,0.4366188384891239,0.4752156138420105,1,3492,31.124000549316406,4365,1521,4p5d_10ms_yaw_0_0_0,convA_both
A,branched,ae,mlp,16,,-1,0.0001,25,all,0,57104,0.5976577388638529,0.6837166963022644,0.6315938150497588,0.5727347884487213,0.654347154056644,0.4115791190695395,0.1,0.0,0.001,1,0.7692326243589551,207,0.27997677268850846,0.5543726682662964,1,3492,15.547528743743896,4365,1521,4p5d_10ms_yaw_0_0_0,convA_both
A,branched,ae,cnn,16,,-1,0.0001,25,all,0,37872,0.6020661403483734,0.690533324843645,0.6422889233631138,0.5677948658447918,0.6548440076429322,0.4115791190695395,0.1,0.0,0.001,1,0.7742581307272944,207,0.2982194705312604,0.558329164981842,1,3492,16.462879419326782,4365,1521,4p5d_10ms_yaw_0_0_0,convA_both
A,branched,ae,gru,16,,-1,0.0001,25,all,0,16016,0.6223260612301148,0.6983110304703735,0.6354055516637371,0.5633558190891252,0.6553891516434193,0.4115791190695395,0.1,0.0,0.001,1,0.7799510723693482,206,0.36987495999292547,0.531761646270752,1,3492,17.53304672241211,4365,1521,4p5d_10ms_yaw_0_0_0,convA_both
A,podlse,pod,closed-form,32,,300,0.0001,25,all,0,9600,0.5593609523353554,0.6620973887404886,0.5135471303057825,0.5870872671923528,0.6281838024721808,0.30311281682962254,0.1,0.0,0.001,1,0.7544762777373452,0,nan,nan,0,4365,9.456848859786987,4365,1521,4p5d_10ms_yaw_0_0_0,convA_both
A,epod,pod,closed-form,32,,300,0.0001,25,all,0,9444600,0.5394635875900408,0.6792370765741997,nan,0.5752989416721459,0.644870744146994,0.30294706661571363,0.1,0.0,0.001,1,0.7666791566417435,0,nan,nan,0,4365,8.449986219406128,4365,1521,4p5d_10ms_yaw_0_0_0,convA_both
A,branched,pod,linear,32,,-1,0.0001,25,all,0,9632,0.6001347370396415,0.6801066336898985,0.5394200423125153,0.5705602043825311,0.584187265244713,0.30294706661571363,0.1,0.0,0.001,1,0.7680883781769982,931,0.448252237300556,0.48703300952911377,1,3492,29.43170189857483,4365,1521,4p5d_10ms_yaw_0_0_0,convA_both
A,branched,pod,mlp,32,,-1,0.0001,25,all,0,59168,0.5691542468616951,0.7019510086570556,0.570662239774145,0.5491524506675837,0.5767753989858145,0.30294706661571363,0.1,0.0,0.001,1,0.7839750893337034,279,0.34525447414776167,0.5422467589378357,1,3492,16.632030487060547,4365,1521,4p5d_10ms_yaw_0_0_0,convA_both
A,branched,pod,cnn,32,,-1,0.0001,25,all,0,63488,0.6036493193374326,0.7086501786992353,0.5802435069700012,0.5443971050830185,0.5810521615016282,0.30294706661571363,0.1,0.0,0.001,1,0.7889125358187471,222,0.368499337363762,0.5251320600509644,1,3492,16.256696462631226,4365,1521,4p5d_10ms_yaw_0_0_0,convA_both
A,branched,pod,gru,32,,-1,0.0001,25,all,0,17056,0.6004564446477474,0.7242233732318533,0.6025165552686104,0.5304697406117975,0.5708272039487323,0.30294706661571363,0.1,0.0,0.001,1,0.7995626449955521,356,0.4098172027016014,0.5598148107528687,1,3492,22.898892402648926,4365,1521,4p5d_10ms_yaw_0_0_0,convA_both
A,branched,ae,linear,32,,-1,0.0001,25,all,0,9632,0.5975311529790022,0.6847770810900272,0.720849969762946,0.5741809331736998,0.6537740430965725,0.3786680807374702,0.1,0.0,0.001,1,0.770131478581515,282,0.5402354066860772,0.5661596059799194,1,3492,30.74358344078064,4365,1521,4p5d_10ms_yaw_0_0_0,convA_both
A,branched,ae,mlp,32,,-1,0.0001,25,all,0,59168,0.5850609087228815,0.6972137410871477,0.7222806873383674,0.5690635751663357,0.6856102436912547,0.3786680807374702,0.1,0.0,0.001,1,0.7790971391207576,212,0.35915107555678893,0.643470287322998,1,3492,15.467091798782349,4365,1521,4p5d_10ms_yaw_0_0_0,convA_both
A,branched,ae,cnn,32,,-1,0.0001,25,all,0,63488,0.6123762321940793,0.7002867110594047,0.7368110159260508,0.5635175084091438,0.6564494215598994,0.3786680807374702,0.1,0.0,0.001,1,0.7816714974676274,205,0.38745338608855373,0.6913571953773499,1,3492,16.42592740058899,4365,1521,4p5d_10ms_yaw_0_0_0,convA_both
A,branched,ae,gru,32,,-1,0.0001,25,all,0,17056,0.6183168565994512,0.7063054842827132,0.7192114244440785,0.5637115368345248,0.691312735461435,0.3786680807374702,0.1,0.0,0.001,1,0.7857278329596374,209,0.4478576222577592,0.6409471035003662,1,3492,17.803741455078125,4365,1521,4p5d_10ms_yaw_0_0_0,convA_both
A,podlse,pod,closed-form,64,,300,0.0001,25,all,0,19200,0.5539925359781085,0.6655773913931694,0.552794581995087,0.584688590904424,0.6327855972782145,0.24976323954482957,0.1,0.0,0.001,1,0.7568901087210628,0,nan,nan,0,4365,10.218238592147827,4365,1521,4p5d_10ms_yaw_0_0_0,convA_both
A,epod,pod,closed-form,64,,300,0.0001,25,all,0,9444600,0.5394635875900408,0.6792370765741997,nan,0.5752989416721459,0.644870744146994,0.2489042866462864,0.1,0.0,0.001,1,0.7666791566417435,0,nan,nan,0,4365,8.46488642692566,4365,1521,4p5d_10ms_yaw_0_0_0,convA_both
A,branched,pod,linear,64,,-1,0.0001,25,all,0,19264,0.5976293293358761,0.6824032279222485,0.5756407476848534,0.5686955813612755,0.5870356368554484,0.2489042866462864,0.1,0.0,0.001,1,0.7697116629987144,894,0.4854143611480827,0.5266309380531311,1,3492,28.462184190750122,4365,1521,4p5d_10ms_yaw_0_0_0,convA_both
A,branched,pod,mlp,64,,-1,0.0001,25,all,0,63296,0.5920585232984874,0.7080379947223572,0.6096810068931164,0.5434847893795245,0.5314964069456578,0.2489042866462864,0.1,0.0,0.001,1,0.788375178840711,263,0.41832499525254807,0.5674391984939575,1,3492,16.36003565788269,4365,1521,4p5d_10ms_yaw_0_0_0,convA_both
A,branched,pod,cnn,64,,-1,0.0001,25,all,0,114720,0.5999370360128464,0.7092967171043647,0.6113524570954486,0.5438776783935686,0.5820060833297286,0.2489042866462864,0.1,0.0,0.001,1,0.7892998980055808,222,0.403954048336986,0.5601254105567932,1,3492,16.1221923828125,4365,1521,4p5d_10ms_yaw_0_0_0,convA_both
A,branched,pod,gru,64,,-1,0.0001,25,all,0,19136,0.5999535958848066,0.7280943712409983,0.636313753771476,0.5258902500443949,0.5576920000751164,0.2489042866462864,0.1,0.0,0.001,1,0.8022781568407575,348,0.4550286588799913,0.5764756798744202,1,3492,22.53949522972107,4365,1521,4p5d_10ms_yaw_0_0_0,convA_both
A,branched,ae,linear,64,,-1,0.0001,25,all,0,19264,0.5991857870090774,0.6891807112816629,0.7541608606902268,0.5739599379707151,0.6794346177099503,0.36351751275579663,0.1,0.0,0.001,1,0.7734705530192003,282,0.5877490538638619,0.6137354969978333,1,3492,33.43587613105774,4365,1521,4p5d_10ms_yaw_0_0_0,convA_both
A,branched,ae,mlp,64,,-1,0.0001,25,all,0,63296,0.5873841684286409,0.700380016639069,0.7480976414527706,0.5730840805299166,0.7185904945498661,0.36351751275579663,0.1,0.0,0.001,1,0.7813856374278412,212,0.3997336490184308,0.680889904499054,1,3492,15.98403549194336,4365,1521,4p5d_10ms_yaw_0_0_0,convA_both
A,branched,ae,cnn,64,,-1,0.0001,25,all,0,114720,0.6149816298168578,0.7064635890156916,0.7699731058425222,0.5634567029429369,0.6896656672327862,0.36351751275579663,0.1,0.0,0.001,1,0.7862876597374522,205,0.4240432802207964,0.7384510636329651,1,3492,16.645050048828125,4365,1521,4p5d_10ms_yaw_0_0_0,convA_both
A,branched,ae,gru,64,,-1,0.0001,25,all,0,19136,0.6203879597374129,0.7147849218088494,0.7530172087725292,0.563728035332897,0.7190881826656436,0.36351751275579663,0.1,0.0,0.001,1,0.7921651271653661,210,0.49907306017608033,0.6631518602371216,1,3492,18.02158832550049,4365,1521,4p5d_10ms_yaw_0_0_0,convA_both
A,podlse,pod,closed-form,128,,300,0.0001,25,all,0,38400,0.5495296719683912,0.6694799536185858,0.5815889062528311,0.5820378654198355,0.6365032834949639,0.20787335460575807,0.1,0.0,0.001,1,0.7596501450534823,0,nan,nan,0,4365,12.18049693107605,4365,1521,4p5d_10ms_yaw_0_0_0,convA_both
A,epod,pod,closed-form,128,,300,0.0001,25,all,0,9444600,0.5394635875900408,0.6792370765741997,nan,0.5752989416721459,0.644870744146994,0.20787335460575807,0.1,0.0,0.001,1,0.7666791566417435,0,nan,nan,0,4365,8.783600091934204,4365,1521,4p5d_10ms_yaw_0_0_0,convA_both
A,branched,pod,linear,128,,-1,0.0001,25,all,0,38528,0.5958963793448003,0.6851306753902945,0.6013076151637116,0.566558973347123,0.588914385457532,0.20787335460575807,0.1,0.0,0.001,1,0.7716450143254151,891,0.5170967055213683,0.5621962547302246,1,3492,28.84287142753601,4365,1521,4p5d_10ms_yaw_0_0_0,convA_both
A,branched,pod,mlp,128,,-1,0.0001,25,all,0,71552,0.5766156206199966,0.7075211579324108,0.629517905657805,0.5441520446618543,0.5620168340902969,0.20787335460575807,0.1,0.0,0.001,1,0.7878283603699465,272,0.4418854033414441,0.6016422510147095,1,3492,17.001848697662354,4365,1521,4p5d_10ms_yaw_0_0_0,convA_both
A,branched,pod,cnn,128,,-1,0.0001,25,all,0,217184,0.5955494775561047,0.7101241416467898,0.6327974654705919,0.5433645315889333,0.5833894416124487,0.20787335460575807,0.1,0.0,0.001,1,0.7898006039980439,222,0.43052178624705895,0.5913106203079224,1,3492,16.417436361312866,4365,1521,4p5d_10ms_yaw_0_0_0,convA_both
A,branched,pod,gru,128,,-1,0.0001,25,all,0,23296,0.5998652942656199,0.728259603140065,0.6556467558334688,0.5260946474092906,0.561353880581052,0.20787335460575807,0.1,0.0,0.001,1,0.8026428888687928,350,0.49123021274088174,0.6075343489646912,1,3492,23.140153646469116,4365,1521,4p5d_10ms_yaw_0_0_0,convA_both
A,branched,ae,linear,128,,-1,0.0001,25,all,0,38528,0.6066820317407818,0.6987616715024809,0.7725336547594094,0.5721759535091545,0.712414098677939,0.35716530223131177,0.1,0.0,0.001,1,0.7806148086819567,282,0.6200198742805341,0.6489230394363403,1,3492,40.06063532829285,4365,1521,4p5d_10ms_yaw_0_0_0,convA_both
A,branched,ae,mlp,128,,-1,0.0001,25,all,0,71552,0.6000317690562393,0.710873127734326,0.7620212162043112,0.5726242537734225,0.7517078564179941,0.35716530223131177,0.1,0.0,0.001,1,0.7891525875255955,212,0.43440961254011723,0.7063197493553162,1,3492,15.595837831497192,4365,1521,4p5d_10ms_yaw_0_0_0,convA_both
A,branched,ae,cnn,128,,-1,0.0001,25,all,0,217184,0.6245483939659602,0.7177867520406058,0.7839642657213737,0.5625144262370992,0.7298920337055207,0.35716530223131177,0.1,0.0,0.001,1,0.7946954939843033,205,0.434673496640425,0.7899823188781738,1,3492,16.77795433998108,4365,1521,4p5d_10ms_yaw_0_0_0,convA_both
A,branched,ae,gru,128,,-1,0.0001,25,all,0,23296,0.6348114784618752,0.7286061166163176,0.7686811233033657,0.5651635184909325,0.7642420661777894,0.35716530223131177,0.1,0.0,0.001,1,0.8021920815927867,210,0.5309256649782021,0.7046455144882202,1,3492,18.05288028717041,4365,1521,4p5d_10ms_yaw_0_0_0,convA_both
