stage,model,latent,branch,r_field,r_sensor,r_sensor_used,ridge,n_delays,channels,seed,n_params,nmse_train,nmse_test,nmse_latent,cos_test,energy_test,floor_test,epochs_run,train_loss,val_loss,stopped_early,n_fit,fit_seconds,n_train,n_test,run,tag
A,podlse,pod,closed-form,4,,300,0.0001,25,all,0,1200,0.7077516239000965,0.7606470444398765,0.26768477197357193,0.4930662090483762,0.5026335315419728,0.6723556954875235,0,nan,nan,0,4365,8.168176412582397,4365,1521,4p5d_10ms_yaw_0_0_0,clean
A,epod,pod,closed-form,4,,300,0.0001,25,all,0,9444600,0.6447705350202287,0.779856768903682,nan,0.4803196015293632,0.5620968364128343,0.6723496456476914,0,nan,nan,0,4365,12.063867807388306,4365,1521,4p5d_10ms_yaw_0_0_0,clean
A,branched,pod,linear,4,,-1,0.0001,25,all,0,1204,0.7232059263953718,0.7721589043705941,0.30259849343899897,0.48154702572467645,0.48197842951452197,0.6723496456476914,758,0.242765144793848,0.26645907759666443,1,3492,50.768890380859375,4365,1521,4p5d_10ms_yaw_0_0_0,clean
A,branched,pod,mlp,4,,-1,0.0001,25,all,0,55556,0.6990654526760893,0.7964026131884737,0.37609978838430214,0.45589568627804244,0.49705921986321083,0.6723496456476914,430,0.05512551926631152,0.36517998576164246,1,3492,20.24463391304016,4365,1521,4p5d_10ms_yaw_0_0_0,clean
A,branched,pod,cnn,4,,-1,0.0001,25,all,0,18660,0.7262961691494516,0.792181717342594,0.36330301241112256,0.4594600200205436,0.4768169019898416,0.6723496456476914,409,0.0981978981970102,0.36898162961006165,1,3492,23.566736936569214,4365,1521,4p5d_10ms_yaw_0_0_0,clean
A,branched,pod,gru,4,,-1,0.0001,25,all,0,15236,0.7301586168647676,0.8071373743607408,0.408645091292259,0.44252346070800946,0.4457845451166618,0.6723496456476914,445,0.15353571399107557,0.41757577657699585,1,3492,25.42508888244629,4365,1521,4p5d_10ms_yaw_0_0_0,clean
A,branched,ae,linear,4,,-1,0.0001,25,all,0,1204,0.7071888261616269,0.7605844453268168,0.4288973241103601,0.49285583065464644,0.5179138163533792,0.6748234619928721,462,0.2184761800682695,0.26505202054977417,1,3492,39.611876010894775,4365,1521,4p5d_10ms_yaw_0_0_0,clean
A,branched,ae,mlp,4,,-1,0.0001,25,all,0,55556,0.705101782493841,0.7737964003176315,0.4584840736085101,0.48083320404731056,0.5296763391901992,0.6748234619928721,405,0.024206943212574154,0.41522952914237976,1,3492,20.233625650405884,4365,1521,4p5d_10ms_yaw_0_0_0,clean
A,branched,ae,cnn,4,,-1,0.0001,25,all,0,18660,0.6962300084423422,0.7933152511003129,0.5080490256047623,0.4683011473050036,0.5666901843057232,0.6748234619928721,410,0.0651010758620084,0.4062621593475342,1,3492,22.290478944778442,4365,1521,4p5d_10ms_yaw_0_0_0,clean
A,branched,ae,gru,4,,-1,0.0001,25,all,0,15236,0.7120371730638948,0.7745693461767816,0.4418022391615108,0.48235989354020103,0.5477096270381502,0.6748234619928721,406,0.048631117362337016,0.4813646078109741,1,3492,24.208279609680176,4365,1521,4p5d_10ms_yaw_0_0_0,clean
A,podlse,pod,closed-form,8,,300,0.0001,25,all,0,2400,0.6910972366180629,0.7535976505211077,0.37948535846283393,0.500419756445684,0.5191377014481443,0.6017459337127296,0,nan,nan,0,4365,8.153580665588379,4365,1521,4p5d_10ms_yaw_0_0_0,clean
A,epod,pod,closed-form,8,,300,0.0001,25,all,0,9444600,0.6447705350202287,0.779856768903682,nan,0.4803196015293632,0.5620968364128343,0.6017111009473041,0,nan,nan,0,4365,7.652350187301636,4365,1521,4p5d_10ms_yaw_0_0_0,clean
A,branched,pod,linear,8,,-1,0.0001,25,all,0,2408,0.7124038533472532,0.7666167863782883,0.41206822238755353,0.4872370125142575,0.4912908937494048,0.6017111009473041,758,0.32797540230985905,0.36038631200790405,1,3492,23.201680421829224,4365,1521,4p5d_10ms_yaw_0_0_0,clean
A,branched,pod,mlp,8,,-1,0.0001,25,all,0,56072,0.7082462954516444,0.7927567457322671,0.47738705330672754,0.45798889058237185,0.45605472346152987,0.6017111009473041,423,0.1721681666401517,0.45940324664115906,1,3492,19.717131853103638,4365,1521,4p5d_10ms_yaw_0_0_0,clean
A,branched,pod,cnn,8,,-1,0.0001,25,all,0,25064,0.7183602303672781,0.7898022001929486,0.470004200949829,0.46190671648432235,0.4783804508500358,0.6017111009473041,409,0.16831893409855178,0.4477238655090332,1,3492,21.212538480758667,4365,1521,4p5d_10ms_yaw_0_0_0,clean
A,branched,pod,gru,8,,-1,0.0001,25,all,0,15496,0.6979014858050017,0.7959158792718218,0.4852811325104067,0.4583005049724981,0.5145415785038929,0.6017111009473041,471,0.21434908159683114,0.4652858376502991,1,3492,25.769152879714966,4365,1521,4p5d_10ms_yaw_0_0_0,clean
A,branched,ae,linear,8,,-1,0.0001,25,all,0,2408,0.6938380860651875,0.7584113263999507,0.5267688247254264,0.4968066409208116,0.5426765067849596,0.6071768617303561,510,0.34063867925914837,0.39737868309020996,1,3492,38.04234004020691,4365,1521,4p5d_10ms_yaw_0_0_0,clean
A,branched,ae,mlp,8,,-1,0.0001,25,all,0,56072,0.6961036448812976,0.7797818061753331,0.5504011195851258,0.4829380337861878,0.5783315982317373,0.6071768617303561,406,0.07738382126901294,0.5487054586410522,1,3492,20.138951539993286,4365,1521,4p5d_10ms_yaw_0_0_0,clean
A,branched,ae,cnn,8,,-1,0.0001,25,all,0,25064,0.6985007206386589,0.7753118043331878,0.5471413579666125,0.4837410405523069,0.5595643507741207,0.6071768617303561,408,0.15878531304353427,0.570830225944519,1,3492,22.13012170791626,4365,1521,4p5d_10ms_yaw_0_0_0,clean
A,branched,ae,gru,8,,-1,0.0001,25,all,0,15496,0.7120183269418436,0.7779124301867324,0.5424866478836244,0.48224124022576,0.5540280546587917,0.6071768617303561,404,0.11259799565851074,0.604320228099823,1,3492,24.123284101486206,4365,1521,4p5d_10ms_yaw_0_0_0,clean
A,podlse,pod,closed-form,16,,300,0.0001,25,all,0,4800,0.679737996830958,0.7526320707824911,0.4714860435390074,0.5018100398547337,0.5298908576004556,0.530397236226799,0,nan,nan,0,4365,8.362679719924927,4365,1521,4p5d_10ms_yaw_0_0_0,clean
A,epod,pod,closed-form,16,,300,0.0001,25,all,0,9444600,0.6447705350202287,0.779856768903682,nan,0.4803196015293632,0.5620968364128343,0.5304652416362131,0,nan,nan,0,4365,7.651687383651733,4365,1521,4p5d_10ms_yaw_0_0_0,clean
A,branched,pod,linear,16,,-1,0.0001,25,all,0,4816,0.7049496685304051,0.7650515498313072,0.49776749836331496,0.48881949255051577,0.49895964187192915,0.5304652416362131,758,0.40553734252679524,0.43352392315864563,1,3492,23.05131196975708,4365,1521,4p5d_10ms_yaw_0_0_0,clean
A,branched,pod,mlp,16,,-1,0.0001,25,all,0,57104,0.6914888848389803,0.7873142600709554,0.5450066303827373,0.4641132336257577,0.48370325702341327,0.5304652416362131,427,0.25087332647007904,0.49600207805633545,1,3492,19.802869081497192,4365,1521,4p5d_10ms_yaw_0_0_0,clean
A,branched,pod,cnn,16,,-1,0.0001,25,all,0,37872,0.7098403634307321,0.7863571885518321,0.542975825177207,0.4655838195310713,0.4825011593334933,0.5304652416362131,409,0.22811008554553658,0.5095837712287903,1,3492,21.196586847305298,4365,1521,4p5d_10ms_yaw_0_0_0,clean
A,branched,pod,gru,16,,-1,0.0001,25,all,0,16016,0.6875361928858088,0.7995090521906926,0.5708826979725559,0.45488103217798187,0.5182763531628982,0.5304652416362131,480,0.3000934955248991,0.5272915959358215,1,3492,26.2024245262146,4365,1521,4p5d_10ms_yaw_0_0_0,clean
A,branched,ae,linear,16,,-1,0.0001,25,all,0,4816,0.6932013133145073,0.762450036297236,0.6413339330982754,0.49499576029668907,0.5524314402035967,0.5518162123687468,489,0.41861059725762506,0.4615028202533722,1,3492,38.46851587295532,4365,1521,4p5d_10ms_yaw_0_0_0,clean
A,branched,ae,mlp,16,,-1,0.0001,25,all,0,57104,0.6994286875818932,0.7848138924956453,0.6729399422215481,0.4766668520671972,0.5652884766867248,0.5518162123687468,405,0.1698635616185056,0.6553521156311035,1,3492,20.138396501541138,4365,1521,4p5d_10ms_yaw_0_0_0,clean
A,branched,ae,cnn,16,,-1,0.0001,25,all,0,37872,0.7020906645650861,0.7734252858208827,0.6527374791441968,0.48562696181086873,0.5459110745148348,0.5518162123687468,406,0.25144297935981796,0.6133130192756653,1,3492,22.05677103996277,4365,1521,4p5d_10ms_yaw_0_0_0,clean
A,branched,ae,gru,16,,-1,0.0001,25,all,0,16016,0.7151490004377896,0.7827573287245702,0.6546855318399052,0.47971303282686384,0.5577917866272911,0.5518162123687468,404,0.22148757671162844,0.6465785503387451,1,3492,24.15360951423645,4365,1521,4p5d_10ms_yaw_0_0_0,clean
A,podlse,pod,closed-form,32,,300,0.0001,25,all,0,9600,0.6725824813699284,0.7557658511927118,0.544772605869886,0.4993040383103995,0.5367988610664788,0.4616230950213562,0,nan,nan,0,4365,8.7049241065979,4365,1521,4p5d_10ms_yaw_0_0_0,clean
A,epod,pod,closed-form,32,,300,0.0001,25,all,0,9444600,0.6447705350202287,0.779856768903682,nan,0.4803196015293632,0.5620968364128343,0.46128124032498835,0,nan,nan,0,4365,7.666155099868774,4365,1521,4p5d_10ms_yaw_0_0_0,clean
A,branched,pod,linear,32,,-1,0.0001,25,all,0,9632,0.7006684088697137,0.7660891538775989,0.5641689036049655,0.4879649333263854,0.5040663541939835,0.46128124032498835,758,0.46580746377320087,0.5043218731880188,1,3492,23.198570013046265,4365,1521,4p5d_10ms_yaw_0_0_0,clean
A,branched,pod,mlp,32,,-1,0.0001,25,all,0,59168,0.681813787518855,0.7849395365747254,0.5990590730064772,0.4674381002071812,0.5000450083965019,0.46128124032498835,430,0.3228362533781264,0.5647349953651428,1,3492,19.935712337493896,4365,1521,4p5d_10ms_yaw_0_0_0,clean
A,branched,pod,cnn,32,,-1,0.0001,25,all,0,63488,0.6859396733047848,0.7851522803663098,0.5994528404459382,0.4682328397307851,0.5073037698908618,0.46128124032498835,413,0.2635172055554144,0.5734096765518188,1,3492,21.469258308410645,4365,1521,4p5d_10ms_yaw_0_0_0,clean
A,branched,pod,gru,32,,-1,0.0001,25,all,0,17056,0.7131495941626717,0.7915783768809176,0.6113469011442018,0.46002671140203394,0.46602478432299227,0.46128124032498835,451,0.413436694755587,0.5920122265815735,1,3492,25.107608318328857,4365,1521,4p5d_10ms_yaw_0_0_0,clean
A,branched,ae,linear,32,,-1,0.0001,25,all,0,9632,0.6933896141789366,0.7671476705143127,0.7241783255377665,0.4925709082962314,0.5694186900982958,0.5044656023458448,489,0.5198999768953007,0.5665424466133118,1,3492,41.92100954055786,4365,1521,4p5d_10ms_yaw_0_0_0,clean
A,branched,ae,mlp,32,,-1,0.0001,25,all,0,59168,0.7075364276365866,0.7823328097137898,0.7358263498036458,0.48502270201514314,0.6001411878625266,0.5044656023458448,404,0.2859482207385672,0.7005349397659302,1,3492,20.100362539291382,4365,1521,4p5d_10ms_yaw_0_0_0,clean
A,branched,ae,cnn,32,,-1,0.0001,25,all,0,63488,0.7119588242082859,0.7861599105067453,0.7488047321089768,0.47764667893238283,0.5707162206724739,0.5044656023458448,404,0.34416006097542323,0.7260443568229675,1,3492,22.0429527759552,4365,1521,4p5d_10ms_yaw_0_0_0,clean
A,branched,ae,gru,32,,-1,0.0001,25,all,0,17056,0.7143920363377614,0.7804317956048036,0.7241881683607283,0.4835290870129517,0.5772064790207209,0.5044656023458448,404,0.3444464810935083,0.7389753460884094,1,3492,24.19995903968811,4365,1521,4p5d_10ms_yaw_0_0_0,clean
A,podlse,pod,closed-form,64,,300,0.0001,25,all,0,19200,0.6671400214324059,0.7591388299912847,0.5994038892691241,0.4965671963129756,0.5419128942222968,0.39655234855889326,0,nan,nan,0,4365,9.470747470855713,4365,1521,4p5d_10ms_yaw_0_0_0,clean
A,epod,pod,closed-form,64,,300,0.0001,25,all,0,9444600,0.6447705350202287,0.779856768903682,nan,0.4803196015293632,0.5620968364128343,0.39596951628920496,0,nan,nan,0,4365,7.705824136734009,4365,1521,4p5d_10ms_yaw_0_0_0,clean
A,branched,pod,linear,64,,-1,0.0001,25,all,0,19264,0.6980015112522756,0.7683311517237394,0.614972533044365,0.48587413655177486,0.5075349885793874,0.39596951628920496,758,0.5167741920257078,0.5572661757469177,1,3492,23.28360939025879,4365,1521,4p5d_10ms_yaw_0_0_0,clean
A,branched,pod,mlp,64,,-1,0.0001,25,all,0,63296,0.6944905527184561,0.7855575037123261,0.6434226533291052,0.4657523217443811,0.4751636254012928,0.39596951628920496,425,0.40519700335063474,0.6077932715415955,1,3492,19.861028909683228,4365,1521,4p5d_10ms_yaw_0_0_0,clean
A,branched,pod,cnn,64,,-1,0.0001,25,all,0,114720,0.7024852407771142,0.7885143687453435,0.6483060532451652,0.4638704626331283,0.4908273554760193,0.39596951628920496,409,0.339413928651045,0.6262037754058838,1,3492,21.33264970779419,4365,1521,4p5d_10ms_yaw_0_0_0,clean
A,branched,pod,gru,64,,-1,0.0001,25,all,0,19136,0.6962633788907303,0.797121887924681,0.6625217708949381,0.4551599554652638,0.4959934658624654,0.39596951628920496,459,0.45589366210421883,0.6429176330566406,1,3492,25.474354028701782,4365,1521,4p5d_10ms_yaw_0_0_0,clean
A,branched,ae,linear,64,,-1,0.0001,25,all,0,19264,0.6928237770971765,0.7744699502026764,0.8130726330436592,0.4906590408571735,0.5892349788035509,0.46797302272275026,501,0.6156752285678772,0.6518843173980713,1,3492,54.354217767715454,4365,1521,4p5d_10ms_yaw_0_0_0,clean
A,branched,ae,mlp,64,,-1,0.0001,25,all,0,63296,0.6961696361597632,0.8026503098119371,0.8245463524237819,0.47957386653256806,0.6422519732588233,0.46797302272275026,407,0.3887286676437448,0.7909790277481079,1,3492,20.20450186729431,4365,1521,4p5d_10ms_yaw_0_0_0,clean
A,branched,ae,cnn,64,,-1,0.0001,25,all,0,114720,0.7110644882543462,0.7869020292410144,0.8222971591435325,0.4790877050383295,0.5795991584642997,0.46797302272275026,404,0.45045774983922776,0.7898136377334595,1,3492,21.985422611236572,4365,1521,4p5d_10ms_yaw_0_0_0,clean
A,branched,ae,gru,64,,-1,0.0001,25,all,0,19136,0.7200734115937231,0.7889490595995858,0.803005121360594,0.4823472319962867,0.6073599773754662,0.46797302272275026,404,0.4589106793529253,0.7975695729255676,1,3492,24.17208766937256,4365,1521,4p5d_10ms_yaw_0_0_0,clean
A,podlse,pod,closed-form,128,,300,0.0001,25,all,0,38400,0.6624096701403245,0.7629739148135591,0.6401263258992841,0.49352788526438174,0.5462558488207941,0.33900196263770743,0,nan,nan,0,4365,11.019097328186035,4365,1521,4p5d_10ms_yaw_0_0_0,clean
A,epod,pod,closed-form,128,,300,0.0001,25,all,0,9444600,0.6447705350202287,0.779856768903682,nan,0.4803196015293632,0.5620968364128343,0.33900196263770743,0,nan,nan,0,4365,7.734554052352905,4365,1521,4p5d_10ms_yaw_0_0_0,clean
A,branched,pod,linear,128,,-1,0.0001,25,all,0,38528,0.6955797691138299,0.7709660782409763,0.6521931482079856,0.4835322986588224,0.5106709215402575,0.33900196263770743,758,0.5569335988979842,0.6009781360626221,1,3492,23.53230905532837,4365,1521,4p5d_10ms_yaw_0_0_0,clean
A,branched,pod,mlp,128,,-1,0.0001,25,all,0,71552,0.6794148016642458,0.7838015118465884,0.6715724937357223,0.46832044599064093,0.4968289016666513,0.33900196263770743,430,0.44768342502065267,0.6384772062301636,1,3492,20.121862173080444,4365,1521,4p5d_10ms_yaw_0_0_0,clean
A,branched,pod,cnn,128,,-1,0.0001,25,all,0,217184,0.6999373657650187,0.7907475044060674,0.6820597740239679,0.4618625544688185,0.4934103371478401,0.33900196263770743,409,0.3810946287977736,0.6606255173683167,1,3492,21.617750644683838,4365,1521,4p5d_10ms_yaw_0_0_0,clean
A,branched,pod,gru,128,,-1,0.0001,25,all,0,23296,0.7028792291373334,0.7952104587762149,0.6887980843507648,0.4563119352509674,0.4797701224712727,0.33900196263770743,452,0.5157774389131509,0.6546589136123657,1,3492,25.420722723007202,4365,1521,4p5d_10ms_yaw_0_0_0,clean
A,branched,ae,linear,128,,-1,0.0001,25,all,0,38528,0.701861559299642,0.7871797240722367,0.8361547314318871,0.4875091864947424,0.629496634640068,0.45962733639777986,513,0.67891501847821,0.7055408954620361,1,3492,70.34927606582642,4365,1521,4p5d_10ms_yaw_0_0_0,clean
A,branched,ae,mlp,128,,-1,0.0001,25,all,0,71552,0.7138390775360721,0.8032404284336853,0.8355431542266063,0.4783640659767187,0.6401691640693784,0.45962733639777986,405,0.47109083484811337,0.8272078633308411,1,3492,20.051902294158936,4365,1521,4p5d_10ms_yaw_0_0_0,clean
A,branched,ae,cnn,128,,-1,0.0001,25,all,0,217184,0.7211822037625941,0.8038001803010929,0.843696960235519,0.47619504452868716,0.6331544824723628,0.45962733639777986,404,0.5057516091877652,0.8375799655914307,1,3492,22.0109920501709,4365,1521,4p5d_10ms_yaw_0_0_0,clean
A,branched,ae,gru,128,,-1,0.0001,25,all,0,23296,0.7297368440448557,0.7994635168657366,0.8240883026994383,0.481883639219544,0.639094036146849,0.45962733639777986,404,0.5287378405104525,0.8253393173217773,1,3492,24.218186140060425,4365,1521,4p5d_10ms_yaw_0_0_0,clean
B,podlse,pod,closed-form,64,,12,0.0001,1,all,0,768,0.8411699482864314,0.8851283081468986,0.8076813267376353,0.34712026790259726,0.3882382723653319,0.39655234855889326,0,nan,nan,0,4365,9.27455449104309,4365,1521,4p5d_10ms_yaw_0_0_0,clean
B,branched,pod,linear,64,,-1,0.0001,1,all,0,832,0.8475929481822996,0.8895919521467739,0.815240376180561,0.3404692387909797,0.38177506969977937,0.39596951628920496,1289,0.7495054938539197,0.7813060283660889,1,3492,34.4198431968689,4365,1521,4p5d_10ms_yaw_0_0_0,clean
B,branched,pod,mlp,64,,-1,0.0001,1,all,0,26432,0.842954251124207,0.8915013759755094,0.8183938783055645,0.33335294779446617,0.3392568998981962,0.39596951628920496,417,0.6796621095137362,0.8077991604804993,1,3492,19.618406772613525,4365,1521,4p5d_10ms_yaw_0_0_0,clean
B,branched,pod,cnn,64,,-1,0.0001,1,all,0,16416,0.8395938319802355,0.8910567507735391,0.8176595591365343,0.33445852440276186,0.35651091103261345,0.39596951628920496,442,0.709163040366506,0.788343608379364,1,3492,22.343346118927002,4365,1521,4p5d_10ms_yaw_0_0_0,clean
B,branched,pod,gru,64,,-1,0.0001,1,all,0,19136,0.8334333908727602,0.8874720943965819,0.8117393326619183,0.3419447776477353,0.3834613773629611,0.39596951628920496,462,0.7102558204535083,0.7809170484542847,1,3492,24.883411407470703,4365,1521,4p5d_10ms_yaw_0_0_0,clean
B,branched,ae,linear,64,,-1,0.0001,1,all,0,832,0.8553848877961581,0.9023956596176892,0.9093624722464339,0.3421618122438047,0.44994725076945086,0.46797302272275026,461,0.7616344135924576,0.7547969818115234,1,3492,17.88138771057129,4365,1521,4p5d_10ms_yaw_0_0_0,clean
B,branched,ae,mlp,64,,-1,0.0001,1,all,0,26432,0.8500206860538235,0.9064800078180678,0.9062738875570423,0.34958893913465017,0.4895178887653357,0.46797302272275026,407,0.693473463205947,0.7890242338180542,1,3492,20.1925790309906,4365,1521,4p5d_10ms_yaw_0_0_0,clean
B,branched,ae,cnn,64,,-1,0.0001,1,all,0,16416,0.8508382525922646,0.9022526017148704,0.9013310568849838,0.34933477394399987,0.47223787531455097,0.46797302272275026,417,0.732629869675172,0.7612462043762207,1,3492,22.261154174804688,4365,1521,4p5d_10ms_yaw_0_0_0,clean
B,branched,ae,gru,64,,-1,0.0001,1,all,0,19136,0.8519572452966939,0.9072261824446317,0.9032562310117299,0.34628891956387164,0.48549709470908914,0.46797302272275026,409,0.7211784919785743,0.7581112384796143,1,3492,23.74316120147705,4365,1521,4p5d_10ms_yaw_0_0_0,clean
B,podlse,pod,closed-form,64,,24,0.0001,2,all,0,1536,0.7522400958080245,0.8121122728445934,0.6869760666674966,0.4396511107534647,0.47800009433074464,0.39655234855889326,0,nan,nan,0,4365,9.266716003417969,4365,1521,4p5d_10ms_yaw_0_0_0,clean
B,branched,pod,linear,64,,-1,0.0001,2,all,0,1600,0.7610363086666174,0.8165997318037709,0.6946903345940104,0.432952828630643,0.44948991920936204,0.39596951628920496,2233,0.6179510422588623,0.6403726935386658,1,3492,54.377495765686035,4365,1521,4p5d_10ms_yaw_0_0_0,clean
B,branched,pod,mlp,64,,-1,0.0001,2,all,0,27968,0.7387117316962467,0.8145174562374387,0.6912513597972931,0.4338966940684315,0.45290080984359077,0.39596951628920496,429,0.5311121274925179,0.6411283016204834,1,3492,20.031187772750854,4365,1521,4p5d_10ms_yaw_0_0_0,clean
B,branched,pod,cnn,64,,-1,0.0001,2,all,0,20512,0.7453532281265561,0.8109267354519326,0.6853211176703331,0.43782137056008597,0.45126609125386874,0.39596951628920496,429,0.5547082128530242,0.6393344402313232,1,3492,21.70909023284912,4365,1521,4p5d_10ms_yaw_0_0_0,clean
B,branched,pod,gru,64,,-1,0.0001,2,all,0,19136,0.731704460420821,0.820253112703993,0.7007240628103014,0.4296992522861387,0.4711404603699423,0.39596951628920496,477,0.5381874235908054,0.6519371867179871,1,3492,26.124386310577393,4365,1521,4p5d_10ms_yaw_0_0_0,clean
B,branched,ae,linear,64,,-1,0.0001,2,all,0,1600,0.7612524945327089,0.8232671042677028,0.85448785916214,0.43803940137179354,0.5325615349026794,0.46797302272275026,493,0.7059635500181445,0.6962412595748901,1,3492,18.549928188323975,4365,1521,4p5d_10ms_yaw_0_0_0,clean
B,branched,ae,mlp,64,,-1,0.0001,2,all,0,27968,0.7520554732292734,0.8336118049771175,0.8500025089732977,0.43970901091408043,0.5784112612223681,0.46797302272275026,412,0.6083764394943657,0.7160313129425049,1,3492,20.295217752456665,4365,1521,4p5d_10ms_yaw_0_0_0,clean
B,branched,ae,cnn,64,,-1,0.0001,2,all,0,20512,0.7505378991798595,0.8292856860503063,0.8437548095963705,0.44499720380881885,0.5912313988947303,0.46797302272275026,423,0.642464348335856,0.6971612572669983,1,3492,22.313636302947998,4365,1521,4p5d_10ms_yaw_0_0_0,clean
B,branched,ae,gru,64,,-1,0.0001,2,all,0,19136,0.7507957605729346,0.8357485643103105,0.8516072232455913,0.4380462923818204,0.5829707293854063,0.46797302272275026,414,0.6306085498472259,0.7127683758735657,1,3492,24.47785186767578,4365,1521,4p5d_10ms_yaw_0_0_0,clean
B,podlse,pod,closed-form,64,,60,0.0001,5,all,0,3840,0.7128429203457706,0.7740307339275297,0.6240221957838745,0.4802486138520685,0.5013852845744872,0.39655234855889326,0,nan,nan,0,4365,9.281267404556274,4365,1521,4p5d_10ms_yaw_0_0_0,clean
B,branched,pod,linear,64,,-1,0.0001,5,all,0,3904,0.7420311688368553,0.8016470548164676,0.6699952941612192,0.45037794600936626,0.47588349178227923,0.39596951628920496,1158,0.5905863630402949,0.6029649376869202,1,3492,31.675718307495117,4365,1521,4p5d_10ms_yaw_0_0_0,clean
B,branched,pod,mlp,64,,-1,0.0001,5,all,0,32576,0.7119539371241819,0.8060537284515715,0.6772731203113734,0.44394824428076174,0.47145353458878897,0.39596951628920496,431,0.4646429025567001,0.6278122663497925,1,3492,20.00560426712036,4365,1521,4p5d_10ms_yaw_0_0_0,clean
B,branched,pod,cnn,64,,-1,0.0001,5,all,0,32800,0.7207178791641866,0.8054521537311715,0.6762795917240686,0.44552454120461277,0.48636429563796435,0.39596951628920496,423,0.48377660418703794,0.621200442314148,1,3492,21.44316554069519,4365,1521,4p5d_10ms_yaw_0_0_0,clean
B,branched,pod,gru,64,,-1,0.0001,5,all,0,19136,0.7251322830198187,0.8116696522227881,0.6865480792177573,0.4375160716930577,0.45922190654236467,0.39596951628920496,450,0.5090899645667715,0.633986234664917,1,3492,25.110857009887695,4365,1521,4p5d_10ms_yaw_0_0_0,clean
B,branched,ae,linear,64,,-1,0.0001,5,all,0,3904,0.7340224777046077,0.797004948325332,0.8287098450506616,0.4650046254992009,0.5509808994750542,0.46797302272275026,528,0.6761843242596105,0.6671726107597351,1,3492,19.326818466186523,4365,1521,4p5d_10ms_yaw_0_0_0,clean
B,branched,ae,mlp,64,,-1,0.0001,5,all,0,32576,0.7373188918094162,0.8140361017178146,0.8306486903006072,0.46063095989475394,0.6026694984929607,0.46797302272275026,407,0.5405575990813432,0.7234371304512024,1,3492,20.16478705406189,4365,1521,4p5d_10ms_yaw_0_0_0,clean
B,branched,ae,cnn,64,,-1,0.0001,5,all,0,32800,0.7302964525916132,0.8061589980751694,0.8247337246926858,0.4652586826131868,0.5900480061157903,0.46797302272275026,412,0.5850701096541283,0.6919007301330566,1,3492,21.99251699447632,4365,1521,4p5d_10ms_yaw_0_0_0,clean
B,branched,ae,gru,64,,-1,0.0001,5,all,0,19136,0.7418633564410081,0.8195988598427136,0.8311080863570722,0.45419503053140037,0.5956691838794959,0.46797302272275026,407,0.5690321640323801,0.71586012840271,1,3492,24.216090202331543,4365,1521,4p5d_10ms_yaw_0_0_0,clean
B,podlse,pod,closed-form,64,,120,0.0001,10,all,0,7680,0.687768045358213,0.7562225522933678,0.5945828926687692,0.49864077899134274,0.5211830475301111,0.39655234855889326,0,nan,nan,0,4365,9.339987516403198,4365,1521,4p5d_10ms_yaw_0_0_0,clean
B,branched,pod,linear,64,,-1,0.0001,10,all,0,7744,0.7113405789948444,0.771924370336669,0.6209069004493118,0.48186328472352036,0.49296664856474287,0.39596951628920496,1049,0.5431184127568379,0.5564911365509033,1,3492,29.35332441329956,4365,1521,4p5d_10ms_yaw_0_0_0,clean
B,branched,pod,mlp,64,,-1,0.0001,10,all,0,40256,0.7073462301051416,0.7834429787032882,0.6399304170801251,0.46847045082236277,0.4513912716407768,0.39596951628920496,423,0.44166646353294486,0.6014359593391418,1,3492,19.813724517822266,4365,1521,4p5d_10ms_yaw_0_0_0,clean
B,branched,pod,cnn,64,,-1,0.0001,10,all,0,53280,0.7166660601132822,0.7902750099501933,0.6512138339574963,0.4615324637186635,0.48376002765625736,0.39596951628920496,411,0.42756455133051396,0.5937544107437134,1,3492,21.285087823867798,4365,1521,4p5d_10ms_yaw_0_0_0,clean
B,branched,pod,gru,64,,-1,0.0001,10,all,0,19136,0.6949375346587622,0.7991981435135743,0.665950803419353,0.4542313772735882,0.4967107144736008,0.39596951628920496,463,0.45997490314820105,0.623343288898468,1,3492,25.579092741012573,4365,1521,4p5d_10ms_yaw_0_0_0,clean
B,branched,ae,linear,64,,-1,0.0001,10,all,0,7744,0.7079453068209968,0.7716336294772269,0.8051707303291633,0.4903343321084335,0.5684227219557255,0.46797302272275026,528,0.6479810263283065,0.6461002826690674,1,3492,19.174023389816284,4365,1521,4p5d_10ms_yaw_0_0_0,clean
B,branched,ae,mlp,64,,-1,0.0001,10,all,0,40256,0.7140106855783789,0.794836805450302,0.8073461537337124,0.4861518597594638,0.6459687684888129,0.46797302272275026,407,0.4693821980303232,0.7242015600204468,1,3492,20.094714164733887,4365,1521,4p5d_10ms_yaw_0_0_0,clean
B,branched,ae,cnn,64,,-1,0.0001,10,all,0,53280,0.709407219715749,0.7867162426558731,0.8068604928020562,0.487001328894624,0.6198613786757079,0.46797302272275026,412,0.5508470643836608,0.670867383480072,1,3492,22.170104503631592,4365,1521,4p5d_10ms_yaw_0_0_0,clean
B,branched,ae,gru,64,,-1,0.0001,10,all,0,19136,0.7195158960783882,0.7945140880943076,0.8103553465472577,0.4771889867534168,0.5984392384247801,0.46797302272275026,406,0.49973645775588516,0.7574307918548584,1,3492,24.15353775024414,4365,1521,4p5d_10ms_yaw_0_0_0,clean
B,podlse,pod,closed-form,64,,300,0.0001,25,all,0,19200,0.6671400214324059,0.7591388299912847,0.5994038892691241,0.4965671963129756,0.5419128942222968,0.39655234855889326,0,nan,nan,0,4365,9.447341918945312,4365,1521,4p5d_10ms_yaw_0_0_0,clean
B,branched,pod,linear,64,,-1,0.0001,25,all,0,19264,0.6980015112522756,0.7683311517237394,0.614972533044365,0.48587413655177486,0.5075349885793874,0.39596951628920496,758,0.5167741920257078,0.5572661757469177,1,3492,22.88051128387451,4365,1521,4p5d_10ms_yaw_0_0_0,clean
B,branched,pod,mlp,64,,-1,0.0001,25,all,0,63296,0.6944905527184561,0.7855575037123261,0.6434226533291052,0.4657523217443811,0.4751636254012928,0.39596951628920496,425,0.40519700335063474,0.6077932715415955,1,3492,19.677290439605713,4365,1521,4p5d_10ms_yaw_0_0_0,clean
B,branched,pod,cnn,64,,-1,0.0001,25,all,0,114720,0.7024852308786961,0.7885143017070001,0.6483059425282277,0.4638705266592841,0.4908275329075847,0.39596951628920496,409,0.3394140686844086,0.6262090802192688,1,3492,21.270154237747192,4365,1521,4p5d_10ms_yaw_0_0_0,clean
B,branched,pod,gru,64,,-1,0.0001,25,all,0,19136,0.6962633788907303,0.797121887924681,0.6625217708949381,0.4551599554652638,0.4959934658624654,0.39596951628920496,459,0.45589366210421883,0.6429176330566406,1,3492,25.43809485435486,4365,1521,4p5d_10ms_yaw_0_0_0,clean
B,branched,ae,linear,64,,-1,0.0001,25,all,0,19264,0.6928237770971765,0.7744699502026764,0.8130726330436592,0.4906590408571735,0.5892349788035509,0.46797302272275026,501,0.6156752285678772,0.6518843173980713,1,3492,18.64417791366577,4365,1521,4p5d_10ms_yaw_0_0_0,clean
B,branched,ae,mlp,64,,-1,0.0001,25,all,0,63296,0.6961696361597632,0.8026503098119371,0.8245463524237819,0.47957386653256806,0.6422519732588233,0.46797302272275026,407,0.3887286676437448,0.7909790277481079,1,3492,20.088651418685913,4365,1521,4p5d_10ms_yaw_0_0_0,clean
B,branched,ae,cnn,64,,-1,0.0001,25,all,0,114720,0.7110611926901658,0.786897097761494,0.8222959962140894,0.4790897207546252,0.5795841167952349,0.46797302272275026,404,0.4504586582809243,0.7897977232933044,1,3492,21.926695585250854,4365,1521,4p5d_10ms_yaw_0_0_0,clean
B,branched,ae,gru,64,,-1,0.0001,25,all,0,19136,0.7200734115937231,0.7889490595995858,0.803005121360594,0.4823472319962867,0.6073599773754662,0.46797302272275026,404,0.4589106793529253,0.7975695729255676,1,3492,24.016772031784058,4365,1521,4p5d_10ms_yaw_0_0_0,clean
B,podlse,pod,closed-form,64,,600,0.0001,50,all,0,38400,0.6440947295170064,0.7818714368272572,0.6369839250632842,0.4794187728139321,0.569086376338339,0.39655234855889326,0,nan,nan,0,4365,9.714934587478638,4365,1521,4p5d_10ms_yaw_0_0_0,clean
B,branched,pod,linear,64,,-1,0.0001,50,all,0,38464,0.6888524452862156,0.7784289248841627,0.6316494743498948,0.4767782788534272,0.5249015395126421,0.39596951628920496,758,0.49266330974618183,0.581870973110199,1,3492,23.288666486740112,4365,1521,4p5d_10ms_yaw_0_0_0,clean
B,branched,pod,mlp,64,,-1,0.0001,50,all,0,101696,0.6875805799381252,0.7908546138162893,0.6521710766586125,0.4608168618607007,0.49007203958972706,0.39596951628920496,428,0.3859437379776954,0.625897228717804,1,3492,19.910370588302612,4365,1521,4p5d_10ms_yaw_0_0_0,clean
B,branched,pod,cnn,64,,-1,0.0001,50,all,0,217120,0.686843182384249,0.7866683460231714,0.6452572609919383,0.4673608884069474,0.5050047225145623,0.39596951628920496,409,0.25415860203533236,0.6629069447517395,1,3492,21.096522331237793,4365,1521,4p5d_10ms_yaw_0_0_0,clean
B,branched,pod,gru,64,,-1,0.0001,50,all,0,19136,0.69995061535262,0.7995978068686992,0.666610866010332,0.4518809637542438,0.49168949017060587,0.39596951628920496,459,0.4622890698336244,0.608404278755188,1,3492,25.205878257751465,4365,1521,4p5d_10ms_yaw_0_0_0,clean
B,branched,ae,linear,64,,-1,0.0001,50,all,0,38464,0.6825649278712915,0.7895057443933081,0.8417216153926911,0.4809706277590038,0.6057912603836194,0.46797302272275026,513,0.5827366185352155,0.6820552945137024,1,3492,18.61792755126953,4365,1521,4p5d_10ms_yaw_0_0_0,clean
B,branched,ae,mlp,64,,-1,0.0001,50,all,0,101696,0.7219445074526247,0.8118421507867761,0.8412445635494195,0.46239120544312284,0.6054901179145332,0.46797302272275026,403,0.35606502363498815,0.8387587666511536,1,3492,19.664082527160645,4365,1521,4p5d_10ms_yaw_0_0_0,clean
B,branched,ae,cnn,64,,-1,0.0001,50,all,0,217120,0.7336080708164577,0.8066029349338744,0.851462803392847,0.4601293713555202,0.5735737211916638,0.46797302272275026,401,0.33696635222790033,0.9968799352645874,1,3492,21.409610509872437,4365,1521,4p5d_10ms_yaw_0_0_0,clean
B,branched,ae,gru,64,,-1,0.0001,50,all,0,19136,0.7199659657109331,0.7891274905367928,0.803617094032042,0.482405803098628,0.6092305773865977,0.46797302272275026,404,0.45398272428862146,0.8256809711456299,1,3492,23.797239065170288,4365,1521,4p5d_10ms_yaw_0_0_0,clean
B,podlse,pod,closed-form,64,,1200,0.0001,100,all,0,76800,0.6011506291480563,0.8453370272906756,0.7419010240357888,0.4331699771445598,0.604993470371006,0.39655234855889326,0,nan,nan,0,4365,10.353028059005737,4365,1521,4p5d_10ms_yaw_0_0_0,clean
B,branched,pod,linear,64,,-1,0.0001,100,all,0,76864,0.6747055375940139,0.8039077538819218,0.6737289436525561,0.4539172623978006,0.5342965025122911,0.39596951628920496,655,0.4564284107051491,0.6189944744110107,1,3492,20.72014570236206,4365,1521,4p5d_10ms_yaw_0_0_0,clean
B,branched,pod,mlp,64,,-1,0.0001,100,all,0,178496,0.6972664172971067,0.8053037125163907,0.6760344341643878,0.44550892101746853,0.4856238744952399,0.39596951628920496,431,0.4031778919806049,0.6515302062034607,1,3492,19.836082696914673,4365,1521,4p5d_10ms_yaw_0_0_0,clean
B,branched,pod,cnn,64,,-1,0.0001,100,all,0,421920,0.693688369755611,0.8094450187208901,0.682873993679485,0.4457887010734635,0.5080714578135578,0.39596951628920496,406,0.1517524677590133,0.7191898226737976,1,3492,21.3550021648407,4365,1521,4p5d_10ms_yaw_0_0_0,clean
B,branched,pod,gru,64,,-1,0.0001,100,all,0,19136,0.6998272623873224,0.8040143209238134,0.6739049440711129,0.4466584110767022,0.4785917686546536,0.39596951628920496,455,0.46873157680512567,0.647378146648407,1,3492,25.910103797912598,4365,1521,4p5d_10ms_yaw_0_0_0,clean
B,branched,ae,linear,64,,-1,0.0001,100,all,0,76864,0.6632510379245171,0.8288649121554419,0.918299196256882,0.45175244123686387,0.6193702596833262,0.46797302272275026,509,0.5262884643069657,0.7352014183998108,1,3492,19.107516527175903,4365,1521,4p5d_10ms_yaw_0_0_0,clean
B,branched,ae,mlp,64,,-1,0.0001,100,all,0,178496,0.7138732957661901,0.8310710733165374,0.8703099348273317,0.4430398000207746,0.5903354480528176,0.46797302272275026,404,0.3154316194620056,0.9033236503601074,1,3492,20.310599088668823,4365,1521,4p5d_10ms_yaw_0_0_0,clean
B,branched,ae,cnn,64,,-1,0.0001,100,all,0,421920,0.7399983930472578,0.8228520163257032,0.878793301066105,0.439880712177554,0.543977783522943,0.46797302272275026,401,0.13458855550859938,1.6654270887374878,1,3492,21.896483659744263,4365,1521,4p5d_10ms_yaw_0_0_0,clean
B,branched,ae,gru,64,,-1,0.0001,100,all,0,19136,0.7199960175992828,0.7892286022456098,0.8036572117192701,0.4824049245725042,0.6097199246238099,0.46797302272275026,404,0.45613208600882127,0.8151944875717163,1,3492,24.224937915802002,4365,1521,4p5d_10ms_yaw_0_0_0,clean
C,podlse,pod,closed-form,64,,300,0.0001,25,all,0,19200,0.6671400214324059,0.7591388299912847,0.5994038892691241,0.4965671963129756,0.5419128942222968,0.39655234855889326,0,nan,nan,0,4365,9.301749467849731,4365,1521,4p5d_10ms_yaw_0_0_0,clean
C,branched,pod,linear,64,,-1,0.0001,25,all,0,19264,0.6980015112522756,0.7683311517237394,0.614972533044365,0.48587413655177486,0.5075349885793874,0.39596951628920496,758,0.5167741920257078,0.5572661757469177,1,3492,23.252633333206177,4365,1521,4p5d_10ms_yaw_0_0_0,clean
C,branched,pod,mlp,64,,-1,0.0001,25,all,0,63296,0.6944905527184561,0.7855575037123261,0.6434226533291052,0.4657523217443811,0.4751636254012928,0.39596951628920496,425,0.40519700335063474,0.6077932715415955,1,3492,19.85238289833069,4365,1521,4p5d_10ms_yaw_0_0_0,clean
C,branched,pod,cnn,64,,-1,0.0001,25,all,0,114720,0.7024852558516673,0.7885141892324081,0.6483057567712159,0.4638706240182114,0.49082737852046116,0.39596951628920496,409,0.33941401792146086,0.6262062191963196,1,3492,21.335586309432983,4365,1521,4p5d_10ms_yaw_0_0_0,clean
C,branched,pod,gru,64,,-1,0.0001,25,all,0,19136,0.6962633788907303,0.797121887924681,0.6625217708949381,0.4551599554652638,0.4959934658624654,0.39596951628920496,459,0.45589366210421883,0.6429176330566406,1,3492,25.533670663833618,4365,1521,4p5d_10ms_yaw_0_0_0,clean
C,branched,ae,linear,64,,-1,0.0001,25,all,0,19264,0.6928237770971765,0.7744699502026764,0.8130726330436592,0.4906590408571735,0.5892349788035509,0.46797302272275026,501,0.6156752285678772,0.6518843173980713,1,3492,18.799657344818115,4365,1521,4p5d_10ms_yaw_0_0_0,clean
C,branched,ae,mlp,64,,-1,0.0001,25,all,0,63296,0.6961696361597632,0.8026503098119371,0.8245463524237819,0.47957386653256806,0.6422519732588233,0.46797302272275026,407,0.3887286676437448,0.7909790277481079,1,3492,20.225913286209106,4365,1521,4p5d_10ms_yaw_0_0_0,clean
C,branched,ae,cnn,64,,-1,0.0001,25,all,0,114720,0.7110614697954014,0.7868998858620584,0.8222964787858714,0.47909066273627604,0.579605053620439,0.46797302272275026,404,0.4504554464918095,0.7898059487342834,1,3492,22.038730144500732,4365,1521,4p5d_10ms_yaw_0_0_0,clean
C,branched,ae,gru,64,,-1,0.0001,25,all,0,19136,0.7200734115937231,0.7889490595995858,0.803005121360594,0.4823472319962867,0.6073599773754662,0.46797302272275026,404,0.4589106793529253,0.7975695729255676,1,3492,24.29304552078247,4365,1521,4p5d_10ms_yaw_0_0_0,clean
C,podlse,pod,closed-form,64,,150,0.0001,25,disc2,0,9600,0.6823195704244858,0.7506624748096268,0.5853913418552198,0.5033522027694263,0.5237428964290421,0.39655234855889326,0,nan,nan,0,4365,9.402666330337524,4365,1521,4p5d_10ms_yaw_0_0_0,clean
C,branched,pod,linear,64,,-1,0.0001,25,disc2,0,9664,0.7046607260588313,0.7606847899371928,0.602344211464031,0.4928635713874332,0.49851671091873695,0.39596951628920496,846,0.5325642155754334,0.5470548868179321,1,3492,25.122488737106323,4365,1521,4p5d_10ms_yaw_0_0_0,clean
C,branched,pod,mlp,64,,-1,0.0001,25,disc2,0,44096,0.6728002047934485,0.7704586499247511,0.6184861951223515,0.4828523141475473,0.5202727022911288,0.39596951628920496,438,0.4016006702273435,0.578433096408844,1,3492,20.044109582901,4365,1521,4p5d_10ms_yaw_0_0_0,clean
C,branched,pod,cnn,64,,-1,0.0001,25,disc2,0,113760,0.6822673937505949,0.7646995494295906,0.6089747732073821,0.4906657614966714,0.5378741469855678,0.39596951628920496,414,0.36303781845179073,0.578925609588623,1,3492,21.202834367752075,4365,1521,4p5d_10ms_yaw_0_0_0,clean
C,branched,pod,gru,64,,-1,0.0001,25,disc2,0,17984,0.687754797613759,0.7845434496370274,0.6417478959320312,0.4687558269283029,0.5158276690265563,0.39596951628920496,470,0.4537960842917465,0.5912166833877563,1,3492,25.615347385406494,4365,1521,4p5d_10ms_yaw_0_0_0,clean
C,branched,ae,linear,64,,-1,0.0001,25,disc2,0,9664,0.7007934675514881,0.7629463246626326,0.7933500443178042,0.49896774977727615,0.578254052365704,0.46797302272275026,511,0.6354718015092892,0.6387385129928589,1,3492,18.639729738235474,4365,1521,4p5d_10ms_yaw_0_0_0,clean
C,branched,ae,mlp,64,,-1,0.0001,25,disc2,0,44096,0.7038521392378904,0.7795652027881942,0.7980883365803397,0.4932750378836061,0.6226189676094731,0.46797302272275026,407,0.4554537116866751,0.7164788246154785,1,3492,20.195708513259888,4365,1521,4p5d_10ms_yaw_0_0_0,clean
C,branched,ae,cnn,64,,-1,0.0001,25,disc2,0,113760,0.7133932276708166,0.7822376731434578,0.8114910184784047,0.4868341706612441,0.6002824203247626,0.46797302272275026,404,0.491000712942012,0.7531296610832214,1,3492,22.05364751815796,4365,1521,4p5d_10ms_yaw_0_0_0,clean
C,branched,ae,gru,64,,-1,0.0001,25,disc2,0,17984,0.7160575411853967,0.7807958338322932,0.7939488845515333,0.4887855540764117,0.6014558896379619,0.46797302272275026,406,0.4899396409556901,0.7484206557273865,1,3492,24.198431968688965,4365,1521,4p5d_10ms_yaw_0_0_0,clean
C,podlse,pod,closed-form,64,,150,0.0001,25,disc3,0,9600,0.8210058689672689,0.8883993569738088,0.813088807405678,0.3471770645335625,0.41828388026714636,0.39655234855889326,0,nan,nan,0,4365,9.303804159164429,4365,1521,4p5d_10ms_yaw_0_0_0,clean
C,branched,pod,linear,64,,-1,0.0001,25,disc3,0,9664,0.9074424955267583,0.9431181951394857,0.9036414521914199,0.24945373371894658,0.2835600270935603,0.39596951628920496,597,0.8458935712620974,0.8546808362007141,1,3492,19.59483242034912,4365,1521,4p5d_10ms_yaw_0_0_0,clean
C,branched,pod,mlp,64,,-1,0.0001,25,disc3,0,44096,0.8836904003387026,0.9530376609966129,0.9200239107051332,0.2320065467575741,0.28746915807942763,0.39596951628920496,413,0.6023981133550577,0.9502458572387695,1,3492,19.25981569290161,4365,1521,4p5d_10ms_yaw_0_0_0,clean
C,branched,pod,cnn,64,,-1,0.0001,25,disc3,0,113760,0.9136055956814462,0.9440631325819265,0.9052020602596175,0.24823467577713124,0.2878600130350873,0.39596951628920496,403,0.6465287840789673,0.8943507075309753,1,3492,20.79849100112915,4365,1521,4p5d_10ms_yaw_0_0_0,clean
C,branched,pod,gru,64,,-1,0.0001,25,disc3,0,17984,0.9228046844939239,0.9607701103545031,0.9327944099073667,0.20917312701703655,0.23061954846626284,0.39596951628920496,415,0.7672745558814085,0.9159799218177795,1,3492,23.55849575996399,4365,1521,4p5d_10ms_yaw_0_0_0,clean
C,branched,ae,linear,64,,-1,0.0001,25,disc3,0,9664,0.882318780654425,0.9446905115739523,0.953772186118377,0.28342141267990234,0.4129024764569298,0.46797302272275026,545,0.7720949895603141,0.7834997177124023,1,3492,19.284937858581543,4365,1521,4p5d_10ms_yaw_0_0_0,clean
C,branched,ae,mlp,64,,-1,0.0001,25,disc3,0,44096,0.8971965022518905,0.9847272655118827,0.9770364564198214,0.24414024210746715,0.432545677469718,0.46797302272275026,409,0.6177028100105495,0.8821072578430176,1,3492,20.069106578826904,4365,1521,4p5d_10ms_yaw_0_0_0,clean
C,branched,ae,cnn,64,,-1,0.0001,25,disc3,0,113760,0.9078666485978459,0.9614156110609318,0.967585373908041,0.26267566084449656,0.4109717286477719,0.46797302272275026,404,0.651306851349882,0.8470830321311951,1,3492,21.883601188659668,4365,1521,4p5d_10ms_yaw_0_0_0,clean
C,branched,ae,gru,64,,-1,0.0001,25,disc3,0,17984,0.9282104268482987,0.9608322911037593,0.9562805539573108,0.24798173224748832,0.3504538982251195,0.46797302272275026,403,0.5783067374977733,1.0028977394104004,1,3492,24.106281518936157,4365,1521,4p5d_10ms_yaw_0_0_0,clean
C,podlse,pod,closed-form,64,,150,0.0001,25,forces,0,9600,0.7125372471273308,0.7758973589992696,0.6271079763772054,0.47891316445049226,0.5107738442375491,0.39655234855889326,0,nan,nan,0,4365,9.347089767456055,4365,1521,4p5d_10ms_yaw_0_0_0,clean
C,branched,pod,linear,64,,-1,0.0001,25,forces,0,9664,0.7308570156643895,0.7862713504657274,0.6446016043927192,0.4664685208064154,0.4740393337158638,0.39596951628920496,1233,0.5698133679053491,0.599915087223053,1,3492,33.03398585319519,4365,1521,4p5d_10ms_yaw_0_0_0,clean
C,branched,pod,mlp,64,,-1,0.0001,25,forces,0,44096,0.7281966624782388,0.8109606455142122,0.6853771217129392,0.4381119971284597,0.43198627079493535,0.39596951628920496,421,0.4637953769436953,0.6518269777297974,1,3492,19.584470987319946,4365,1521,4p5d_10ms_yaw_0_0_0,clean
C,branched,pod,cnn,64,,-1,0.0001,25,forces,0,113760,0.7432112896355669,0.8605114281854975,0.7672125403863235,0.38199707515091036,0.4384396130604984,0.39596951628920496,413,0.3952914294440039,0.7707793116569519,1,3492,21.220463752746582,4365,1521,4p5d_10ms_yaw_0_0_0,clean
C,branched,pod,gru,64,,-1,0.0001,25,forces,0,17984,0.786803159148243,0.9084377413135996,0.8463650721703022,0.32316773971496143,0.42063178641851884,0.39596951628920496,455,0.5822456963829705,0.8465239405632019,1,3492,25.13996148109436,4365,1521,4p5d_10ms_yaw_0_0_0,clean
C,branched,ae,linear,64,,-1,0.0001,25,forces,0,9664,0.7255043869328522,0.7885499686393171,0.8271272638923175,0.4756953575970553,0.5695325235759564,0.46797302272275026,501,0.655332452516239,0.670401930809021,1,3492,18.586427450180054,4365,1521,4p5d_10ms_yaw_0_0_0,clean
C,branched,ae,mlp,64,,-1,0.0001,25,forces,0,44096,0.7219386447042576,0.8007331688854064,0.8287261260485057,0.46739585856809607,0.5767244524393136,0.46797302272275026,409,0.48928166524787675,0.7514921426773071,1,3492,20.081910133361816,4365,1521,4p5d_10ms_yaw_0_0_0,clean
C,branched,ae,cnn,64,,-1,0.0001,25,forces,0,113760,0.7420470809480085,0.8101118479565085,0.8503193593305715,0.45057964727233296,0.5268253914112961,0.46797302272275026,404,0.5154674369991167,0.8346843719482422,1,3492,21.69949436187744,4365,1521,4p5d_10ms_yaw_0_0_0,clean
C,branched,ae,gru,64,,-1,0.0001,25,forces,0,17984,0.7721485302392113,0.8608437285678103,0.8702600801852355,0.41363418894212944,0.5693100467485466,0.46797302272275026,408,0.5481877944859989,0.8510584831237793,1,3492,23.970571041107178,4365,1521,4p5d_10ms_yaw_0_0_0,clean
C,podlse,pod,closed-form,64,,150,0.0001,25,moments,0,9600,0.6835719773538597,0.7518442819083729,0.5873450268590177,0.5027352224832,0.5236934686077507,0.39655234855889326,0,nan,nan,0,4365,9.214777708053589,4365,1521,4p5d_10ms_yaw_0_0_0,clean
C,branched,pod,linear,64,,-1,0.0001,25,moments,0,9664,0.7072749935953766,0.7684820556705229,0.6152217579203149,0.48536037863559545,0.4970200356312632,0.39596951628920496,758,0.5339896319111871,0.5580672025680542,1,3492,22.780919313430786,4365,1521,4p5d_10ms_yaw_0_0_0,clean
C,branched,pod,mlp,64,,-1,0.0001,25,moments,0,44096,0.6814043147064732,0.7807990387824867,0.6355638275188378,0.4712589125666627,0.4971893319609385,0.39596951628920496,430,0.40112681985584187,0.6031013131141663,1,3492,19.435357570648193,4365,1521,4p5d_10ms_yaw_0_0_0,clean
C,branched,pod,cnn,64,,-1,0.0001,25,moments,0,113760,0.6925178834807948,0.7788799126883971,0.6323943016520376,0.47471659995314713,0.5103208587473528,0.39596951628920496,411,0.3510056474978981,0.597057044506073,1,3492,20.912821769714355,4365,1521,4p5d_10ms_yaw_0_0_0,clean
C,branched,pod,gru,64,,-1,0.0001,25,moments,0,17984,0.7035330047876583,0.7939449290771314,0.6572748758232285,0.4571966530556845,0.4768622588728288,0.39596951628920496,451,0.47141886689408946,0.6098921895027161,1,3492,24.64481496810913,4365,1521,4p5d_10ms_yaw_0_0_0,clean
C,branched,ae,linear,64,,-1,0.0001,25,moments,0,9664,0.7031700675259231,0.7677986440736451,0.8014532342376453,0.49507517790455485,0.5795542558843604,0.46797302272275026,498,0.6378313010091224,0.647770345211029,1,3492,18.351632356643677,4365,1521,4p5d_10ms_yaw_0_0_0,clean
C,branched,ae,mlp,64,,-1,0.0001,25,moments,0,44096,0.7004164693604119,0.7909075962387344,0.8100708069435459,0.4856953824506947,0.6326904910267306,0.46797302272275026,407,0.4205711087273841,0.7659168839454651,1,3492,19.937064170837402,4365,1521,4p5d_10ms_yaw_0_0_0,clean
C,branched,ae,cnn,64,,-1,0.0001,25,moments,0,113760,0.7055905100518938,0.7803428777747016,0.8145993144182085,0.48634661500452525,0.5884899806568932,0.46797302272275026,404,0.4675676651973222,0.8027269244194031,1,3492,21.737913846969604,4365,1521,4p5d_10ms_yaw_0_0_0,clean
C,branched,ae,gru,64,,-1,0.0001,25,moments,0,17984,0.7218399101327906,0.7850676158076698,0.7992743867786619,0.4833973432537953,0.5936577572877361,0.46797302272275026,404,0.48316158700781314,0.7683745622634888,1,3492,23.944031476974487,4365,1521,4p5d_10ms_yaw_0_0_0,clean
D,branched,pod,linear,64,,-1,0.0001,25,all,0,19264,0.6980015112522756,0.7683311517237394,0.614972533044365,0.48587413655177486,0.5075349885793874,0.39596951628920496,758,0.5167741920257078,0.5572661757469177,1,3492,23.009763479232788,4365,1521,4p5d_10ms_yaw_0_0_0,clean
D,branched,pod,mlp,64,,-1,0.0001,25,all,0,63296,0.6944905527184561,0.7855575037123261,0.6434226533291052,0.4657523217443811,0.4751636254012928,0.39596951628920496,425,0.40519700335063474,0.6077932715415955,1,3492,19.729121923446655,4365,1521,4p5d_10ms_yaw_0_0_0,clean
D,branched,pod,cnn,64,,-1,0.0001,25,all,0,114720,0.7024852948793889,0.788514138662639,0.6483056732528936,0.463870630517416,0.4908263896592888,0.39596951628920496,409,0.33941387048018895,0.6262059211730957,1,3492,21.058488368988037,4365,1521,4p5d_10ms_yaw_0_0_0,clean
D,branched,pod,gru,64,,-1,0.0001,25,all,0,19136,0.6962633788907303,0.797121887924681,0.6625217708949381,0.4551599554652638,0.4959934658624654,0.39596951628920496,459,0.45589366210421883,0.6429176330566406,1,3492,25.247496366500854,4365,1521,4p5d_10ms_yaw_0_0_0,clean
D,branched,ae,linear,64,,-1,0.0001,25,all,0,19264,0.6928237770971765,0.7744699502026764,0.8130726330436592,0.4906590408571735,0.5892349788035509,0.46797302272275026,501,0.6156752285678772,0.6518843173980713,1,3492,18.434802532196045,4365,1521,4p5d_10ms_yaw_0_0_0,clean
D,branched,ae,mlp,64,,-1,0.0001,25,all,0,63296,0.6961696361597632,0.8026503098119371,0.8245463524237819,0.47957386653256806,0.6422519732588233,0.46797302272275026,407,0.3887286676437448,0.7909790277481079,1,3492,19.845305919647217,4365,1521,4p5d_10ms_yaw_0_0_0,clean
D,branched,ae,cnn,64,,-1,0.0001,25,all,0,114720,0.711061410362063,0.7868969436715463,0.8222937176235625,0.4790929325510675,0.5796011439191487,0.46797302272275026,404,0.45046135704678497,0.789825439453125,1,3492,21.73257803916931,4365,1521,4p5d_10ms_yaw_0_0_0,clean
D,branched,ae,gru,64,,-1,0.0001,25,all,0,19136,0.7200734115937231,0.7889490595995858,0.803005121360594,0.4823472319962867,0.6073599773754662,0.46797302272275026,404,0.4589106793529253,0.7975695729255676,1,3492,24.134401321411133,4365,1521,4p5d_10ms_yaw_0_0_0,clean
D,branched,pod,linear,64,,-1,0.0001,25,all,1,19264,0.699381852326897,0.7691422184620055,0.6163120474277879,0.48497364707294255,0.5053365215914296,0.39596951628920496,719,0.5189971875352412,0.5581356883049011,1,3492,22.119908332824707,4365,1521,4p5d_10ms_yaw_0_0_0,clean
D,branched,pod,mlp,64,,-1,0.0001,25,all,1,63296,0.6909594567196488,0.7826940818078832,0.6386935790792966,0.4687833317227434,0.47882975140571615,0.39596951628920496,426,0.40348086508688646,0.6012330055236816,1,3492,19.427233934402466,4365,1521,4p5d_10ms_yaw_0_0_0,clean
D,branched,pod,cnn,64,,-1,0.0001,25,all,1,114720,0.6615473948949705,0.7850221166853015,0.6425384367911036,0.47259515663500695,0.539339860662553,0.39596951628920496,417,0.2897528643801996,0.6237425804138184,1,3492,21.225814819335938,4365,1521,4p5d_10ms_yaw_0_0_0,clean
D,branched,pod,gru,64,,-1,0.0001,25,all,1,19136,0.6999530032807726,0.7996957527971108,0.6667726282596205,0.4520985521308298,0.48847329393323147,0.39596951628920496,457,0.4569264398066312,0.6378512382507324,1,3492,25.283703327178955,4365,1521,4p5d_10ms_yaw_0_0_0,clean
D,branched,ae,linear,64,,-1,0.0001,25,all,1,19264,0.6926966509621857,0.7728577469377073,0.8033422335424988,0.49065486696230903,0.5848651058294524,0.46803404342866817,511,0.6004777711145111,0.6356469392776489,1,3492,53.00933480262756,4365,1521,4p5d_10ms_yaw_0_0_0,clean
D,branched,ae,mlp,64,,-1,0.0001,25,all,1,63296,0.7047301750819073,0.789400507572211,0.8119352263073568,0.47764149524806643,0.5891874007600004,0.46803404342866817,405,0.388906553370573,0.7699374556541443,1,3492,19.842357873916626,4365,1521,4p5d_10ms_yaw_0_0_0,clean
D,branched,ae,cnn,64,,-1,0.0001,25,all,1,114720,0.7110905490514764,0.7765365472534055,0.8040230151024806,0.48651373515608737,0.5649850509723718,0.46803404342866817,403,0.450913074431687,0.7515993118286133,1,3492,21.716881036758423,4365,1521,4p5d_10ms_yaw_0_0_0,clean
D,branched,ae,gru,64,,-1,0.0001,25,all,1,19136,0.7174638603450483,0.7885921978275201,0.7952535392681315,0.4806677558996045,0.59878885801022,0.46803404342866817,405,0.45093329167174856,0.771002471446991,1,3492,24.13299298286438,4365,1521,4p5d_10ms_yaw_0_0_0,clean
D,branched,pod,linear,64,,-1,0.0001,25,all,2,19264,0.6978142915580894,0.7682415017687362,0.6148244719804173,0.48595970728133836,0.5079272347604076,0.39596951628920496,768,0.5166695483566559,0.5571231245994568,1,3492,23.197391510009766,4365,1521,4p5d_10ms_yaw_0_0_0,clean
D,branched,pod,mlp,64,,-1,0.0001,25,all,2,63296,0.6689154144668602,0.7876505039151335,0.6468793403610027,0.4666743532222627,0.5240305718917548,0.39596951628920496,436,0.3774140949989376,0.606800377368927,1,3492,19.945231199264526,4365,1521,4p5d_10ms_yaw_0_0_0,clean
D,branched,pod,cnn,64,,-1,0.0001,25,all,2,114720,0.6922157924293448,0.7827989454504526,0.6388667662547688,0.4703097508010245,0.5032483683753466,0.39596951628920496,410,0.3281212445318631,0.612511932849884,1,3492,21.063507556915283,4365,1521,4p5d_10ms_yaw_0_0_0,clean
D,branched,pod,gru,64,,-1,0.0001,25,all,2,19136,0.6938151637761124,0.7949567588995261,0.6589459597633386,0.4576834866456312,0.5022472112510215,0.39596951628920496,461,0.44984021062566926,0.6375091671943665,1,3492,25.130239486694336,4365,1521,4p5d_10ms_yaw_0_0_0,clean
D,branched,ae,linear,64,,-1,0.0001,25,all,2,19264,0.6944072590047626,0.7763858030873187,0.8015258119935397,0.4912186664582435,0.6017874213841699,0.47028925779909897,496,0.6101948091800816,0.6431477069854736,1,3492,55.274696826934814,4365,1521,4p5d_10ms_yaw_0_0_0,clean
D,branched,ae,mlp,64,,-1,0.0001,25,all,2,63296,0.7119111645937201,0.7980143594154913,0.8103155833742658,0.4824781672359921,0.6421060464101889,0.47028925779909897,405,0.39627873409381575,0.7719953060150146,1,3492,19.86801528930664,4365,1521,4p5d_10ms_yaw_0_0_0,clean
D,branched,ae,cnn,64,,-1,0.0001,25,all,2,114720,0.7125229154211687,0.7988758836629124,0.8197760545037815,0.48136375958078265,0.6372955128548548,0.47028925779909897,405,0.4422501284983286,0.8317431211471558,1,3492,21.814087629318237,4365,1521,4p5d_10ms_yaw_0_0_0,clean
D,branched,ae,gru,64,,-1,0.0001,25,all,2,19136,0.7347920749292394,0.8028969943464497,0.8026395425500387,0.47648044519672345,0.6255085121198718,0.47028925779909897,403,0.45339581926800265,0.7734678387641907,1,3492,23.809393405914307,4365,1521,4p5d_10ms_yaw_0_0_0,clean
D,branched,pod,linear,64,,-1,0.0001,25,all,3,19264,0.6979619305917389,0.7683322347091135,0.6149743216450028,0.48586307218386643,0.5077109679644561,0.39596951628920496,763,0.5166639164687569,0.5571915507316589,1,3492,22.992839336395264,4365,1521,4p5d_10ms_yaw_0_0_0,clean
D,branched,pod,mlp,64,,-1,0.0001,25,all,3,63296,0.6961258523415892,0.7853027100180106,0.6430018497105632,0.46608286889687883,0.4712464233060775,0.39596951628920496,424,0.41013287589858627,0.6033213138580322,1,3492,19.75350022315979,4365,1521,4p5d_10ms_yaw_0_0_0,clean
D,branched,pod,cnn,64,,-1,0.0001,25,all,3,114720,0.6833612129039249,0.7845360904293285,0.6417357418587619,0.46803658855027264,0.49383075612985583,0.39596951628920496,412,0.31693041737683175,0.6352410316467285,1,3492,20.946476221084595,4365,1521,4p5d_10ms_yaw_0_0_0,clean
D,branched,pod,gru,64,,-1,0.0001,25,all,3,19136,0.6929297116116239,0.7986463905965739,0.6650395578540399,0.4545312684643113,0.5083049498382177,0.39596951628920496,473,0.4533021843310484,0.6338920593261719,1,3492,25.474615812301636,4365,1521,4p5d_10ms_yaw_0_0_0,clean
D,branched,ae,linear,64,,-1,0.0001,25,all,3,19264,0.6954323785284958,0.7745004730630212,0.8048552785921438,0.49030549711932103,0.5852098709660437,0.46818594733830576,494,0.6131333014399735,0.6446231007575989,1,3492,54.58474612236023,4365,1521,4p5d_10ms_yaw_0_0_0,clean
D,branched,ae,mlp,64,,-1,0.0001,25,all,3,63296,0.7073903360137515,0.7898938023103994,0.8102986502341448,0.48323589235155645,0.6152310651041415,0.46818594733830576,405,0.3994750158620181,0.7692738771438599,1,3492,20.05185556411743,4365,1521,4p5d_10ms_yaw_0_0_0,clean
D,branched,ae,cnn,64,,-1,0.0001,25,all,3,114720,0.7073340597404287,0.7885383199092122,0.8182331145918923,0.48079369650271103,0.6006353595744436,0.46818594733830576,405,0.43179217114071666,0.8384212851524353,1,3492,21.532777547836304,4365,1521,4p5d_10ms_yaw_0_0_0,clean
D,branched,ae,gru,64,,-1,0.0001,25,all,3,19136,0.7198850617235348,0.7888146197170396,0.8008362203128313,0.47971482653134173,0.5844501097300764,0.46818594733830576,404,0.4552771516340568,0.7871779203414917,1,3492,23.540023803710938,4365,1521,4p5d_10ms_yaw_0_0_0,clean
D,branched,pod,linear,64,,-1,0.0001,25,all,4,19264,0.6974920856256182,0.7681226294950689,0.6146281489001395,0.48611800878715183,0.5085429984721391,0.39596951628920496,786,0.5161118475295697,0.5569135546684265,1,3492,23.126285076141357,4365,1521,4p5d_10ms_yaw_0_0_0,clean
D,branched,pod,mlp,64,,-1,0.0001,25,all,4,63296,0.6779856914687112,0.7856196908433847,0.64352535826396,0.46703431287620367,0.5050332578747456,0.39596951628920496,431,0.38808172989000844,0.606887936592102,1,3492,19.537619829177856,4365,1521,4p5d_10ms_yaw_0_0_0,clean
D,branched,pod,cnn,64,,-1,0.0001,25,all,4,114720,0.6817648560221808,0.7828520348500329,0.6389544458635978,0.47274302664832646,0.528783644067672,0.39596951628920496,413,0.3179724959641661,0.6158095598220825,1,3492,21.045969486236572,4365,1521,4p5d_10ms_yaw_0_0_0,clean
D,branched,pod,gru,64,,-1,0.0001,25,all,4,19136,0.692568470181714,0.7951906469155319,0.6593322366833115,0.4583617566438596,0.5069938893888252,0.39596951628920496,462,0.44889169596861045,0.6235493421554565,1,3492,25.22147488594055,4365,1521,4p5d_10ms_yaw_0_0_0,clean
D,branched,ae,linear,64,,-1,0.0001,25,all,4,19264,0.6926990476486472,0.7743828901609386,0.8064906769083044,0.491175666899872,0.591891408129638,0.4685613689471771,534,0.609099813616426,0.6435261964797974,1,3492,54.43681597709656,4365,1521,4p5d_10ms_yaw_0_0_0,clean
D,branched,ae,mlp,64,,-1,0.0001,25,all,4,63296,0.7068869023132183,0.7887393438807035,0.81146930792356,0.48094157454014214,0.5986677956250778,0.4685613689471771,405,0.40207950878389104,0.7677347660064697,1,3492,19.572647094726562,4365,1521,4p5d_10ms_yaw_0_0_0,clean
D,branched,ae,cnn,64,,-1,0.0001,25,all,4,114720,0.714139632570701,0.7855161425366444,0.8126000970447691,0.4856717230959173,0.6146680013380408,0.4685613689471771,404,0.45536291394446726,0.7677280306816101,1,3492,21.398452758789062,4365,1521,4p5d_10ms_yaw_0_0_0,clean
D,branched,ae,gru,64,,-1,0.0001,25,all,4,19136,0.7190475227715634,0.7917682845868146,0.7981189609835542,0.4808439706942695,0.6090213097092211,0.4685613689471771,404,0.4622014010280268,0.7793575525283813,1,3492,23.794770002365112,4365,1521,4p5d_10ms_yaw_0_0_0,clean
