model,sweep,value,n_latent,learning_rate,weight_decay,batch_size,width,noise,n_params,train_loss,val_loss,test_mse_clean,test_rel_clean,n_epochs_run,fit_s
AEJax,n_latent,2,2,0.001,1e-06,32,1.0,0.0,458061.0,0.862689903804234,0.8829794526100159,0.0014750800328329206,0.8415340486185777,400,23.92303461697884
CAEJax,n_latent,4,4,0.001,1e-06,32,1.0,0.0,93191.0,0.6899322782244001,0.7118611931800842,0.0010587222641333938,0.6040016903948685,400,116.77905330096837
AEJax,n_latent,16,16,0.001,1e-06,32,1.0,0.0,3575427.0,0.3538938249860491,0.45533087849617004,0.0006439922144636512,0.3673979468596226,286,24.206032280926593
CAEJax,n_latent,32,32,0.001,1e-06,32,1.0,0.0,379939.0,0.4124994618552072,0.4534183740615845,0.0006558538298122585,0.37416500557188737,271,78.04499725997448
AEJax,n_latent,128,128,0.001,1e-06,32,1.0,0.0,29022387.0,0.007220094225236348,0.044475164264440536,5.94265220570378e-05,0.033902866684417186,400,158.29716106690466
CAEJax,n_latent,256,256,0.001,1e-06,32,1.0,0.0,2673923.0,0.06492183038166591,0.0899534821510315,0.00013111279986333102,0.0747999314198593,280,90.48929280007724
AEJax,learning_rate,3e-05,32,3e-05,1e-06,32,1.0,0.0,7155411.0,0.3976997988564627,0.45798367261886597,0.0006341616972349584,0.3617896308500916,400,52.884449204895645
CAEJax,learning_rate,0.0001,32,0.0001,1e-06,32,1.0,0.0,379939.0,0.45011540821620394,0.4894205629825592,0.0007071709842421114,0.4034414731327702,400,111.55654079606757
AEJax,learning_rate,0.001,32,0.001,1e-06,32,1.0,0.0,7155411.0,0.13008461679731095,0.22977179288864136,0.00031803984893485904,0.18144192568465742,346,42.636502095963806
CAEJax,learning_rate,0.003,32,0.003,1e-06,32,1.0,0.0,379939.0,0.3849873202187674,0.41972798109054565,0.0006040099542587996,0.34458804329222664,266,74.24872593197506
AEJax,learning_rate,0.03,32,0.03,1e-06,32,1.0,0.0,7155411.0,0.15173964841025217,0.3078697621822357,0.00042298974585719407,0.24131590519310264,400,49.15323148400057
CAEJax,weight_decay,0.0,32,0.001,0.0,32,1.0,0.0,379939.0,0.4155971663338797,0.4558049142360687,0.0006585693336091936,0.37571420212625,249,70.25048326305114
AEJax,weight_decay,1e-07,32,0.001,1e-07,32,1.0,0.0,7155411.0,0.12575416905539377,0.23251888155937195,0.00032142025884240866,0.1833704515762507,320,40.17586801701691
CAEJax,weight_decay,1e-06,32,0.001,1e-06,32,1.0,0.0,379939.0,0.4123871326446533,0.4532323479652405,0.0006551620899699628,0.37377036757454435,271,75.72462096507661
AEJax,weight_decay,0.0001,32,0.001,0.0001,32,1.0,0.0,7155411.0,0.49709817341395784,0.5435989499092102,0.0007964787655510008,0.45439161624715735,400,49.902630288968794
CAEJax,weight_decay,0.001,32,0.001,0.001,32,1.0,0.0,379939.0,0.38288375309535433,0.405515193939209,0.0005803363164886832,0.3310822186625252,400,112.78152683202643
AEJax,batch_size,8,32,0.001,1e-06,8,1.0,0.0,7155411.0,0.12844126565115793,0.23258432745933533,0.00031737523386254907,0.18106276238495508,400,176.53189450199716
CAEJax,batch_size,16,32,0.001,1e-06,16,1.0,0.0,379939.0,0.3996948174067906,0.44004005193710327,0.0006361003033816814,0.3628956068263208,274,79.7273594669532
AEJax,batch_size,64,32,0.001,1e-06,64,1.0,0.0,7155411.0,0.13117302315575735,0.23264174163341522,0.0003176577447447926,0.1812239350137084,380,28.289367440971546
CAEJax,batch_size,128,32,0.001,1e-06,128,1.0,0.0,379939.0,0.42651213918413433,0.4724065661430359,0.0006848742486909032,0.39072117204961443,343,92.05806428089272
AEJax,batch_size,512,32,0.001,1e-06,512,1.0,0.0,7155411.0,0.1532403826713562,0.25247034430503845,0.0003460671869106591,0.19743153890820495,400,12.42154661891982
CAEJax,batch_size,1024,32,0.001,1e-06,1024,1.0,0.0,379939.0,0.47697514295578003,0.5097407102584839,0.0007305978215299547,0.4168064979384448,400,70.1482789660804
AEJax,width,0.5,32,0.001,1e-06,32,0.5,0.0,3576467.0,0.348081111907959,0.4483802616596222,0.0006439922144636512,0.3673979468596226,338,24.98352511797566
CAEJax,width,0.75,32,0.001,1e-06,32,0.75,0.0,276323.0,0.4587207521711077,0.4954669773578644,0.0007116010528989136,0.405968829974051,271,75.6123723089695
AEJax,width,1.5,32,0.001,1e-06,32,1.5,0.0,10750739.0,0.05259050215993609,0.1323913186788559,0.00018206734966952354,0.10386953282419142,381,70.331125547993
CAEJax,width,2.0,32,0.001,1e-06,32,2.0,0.0,852003.0,0.28213443074907574,0.3342888355255127,0.0004888470284640789,0.27888752465076166,258,108.20379334001336
AEJax,width,4.0,32,0.001,1e-06,32,4.0,0.0,28973139.0,0.010319342570645469,0.047580212354660034,6.156732706585899e-05,0.03512419723345614,400,154.96076784399338
CAEJax,noise,0.0,32,0.001,1e-06,32,1.0,0.0,379939.0,0.41234820229666574,0.4535139501094818,0.0006554119754582644,0.3739129273963715,271,75.8104082220234
AEJax,noise,0.003,32,0.001,1e-06,32,1.0,0.003,7155411.0,0.13177029575620378,0.2325212061405182,0.00031708221649751067,0.18089557177306603,358,44.055577068938874
CAEJax,noise,0.01,32,0.001,1e-06,32,1.0,0.01,379939.0,0.4109421116965158,0.4524824917316437,0.0006536561995744705,0.3729111075940687,274,76.68154074798804
AEJax,noise,0.1,32,0.001,1e-06,32,1.0,0.1,7155411.0,0.13746906178338186,0.24168632924556732,0.00031792520894668996,0.18137509002483637,357,43.74696275498718
CAEJax,noise,0.3,32,0.001,1e-06,32,1.0,0.3,379939.0,0.4630490711757115,0.5165389776229858,0.0006663976819254458,0.3801616714618172,170,47.740877292933874
CAEJax,n_latent,2,2,0.001,1e-06,32,1.0,0.0,72709.0,0.7499474797930036,0.7712458372116089,0.001170515432022512,0.6677797601182771,400,118.93124002404511
AEJax,n_latent,8,8,0.001,1e-06,32,1.0,0.0,1792347.0,0.5720882415771484,0.6470192074775696,0.0009786055888980627,0.5582950788402637,338,19.716507741017267
CAEJax,n_latent,16,16,0.001,1e-06,32,1.0,0.0,216083.0,0.5255323137555804,0.5638652443885803,0.0008161951554939151,0.4656398286041086,271,76.6578667369904
AEJax,n_latent,64,64,0.001,1e-06,32,1.0,0.0,14370675.0,0.02835488106523241,0.08896056562662125,0.00012007406621705741,0.06850232721520463,400,86.51941206608899
CAEJax,n_latent,128,128,0.001,1e-06,32,1.0,0.0,1363075.0,0.13699090480804443,0.1780751794576645,0.00028495758306235075,0.16256847304649708,257,77.21527815097943
AEJax,learning_rate,1e-05,32,1e-05,1e-06,32,1.0,0.0,7155411.0,0.6623278345380511,0.6914611458778381,0.001039333757944405,0.5929405359173378,400,53.18280893994961
CAEJax,learning_rate,3e-05,32,3e-05,1e-06,32,1.0,0.0,379939.0,0.5004487378256661,0.5270857810974121,0.0007529861177317798,0.4295790344280143,400,112.38696919404902
AEJax,learning_rate,0.0003,32,0.0003,1e-06,32,1.0,0.0,7155411.0,0.14377447537013463,0.24071234464645386,0.00032358564203605056,0.18460580399455742,400,49.21075229498092
CAEJax,learning_rate,0.001,32,0.001,1e-06,32,1.0,0.0,379939.0,0.4110891819000244,0.45276781916618347,0.0006542618502862751,0.3732567802919033,289,79.73542894003913
AEJax,learning_rate,0.01,32,0.01,1e-06,32,1.0,0.0,7155411.0,0.15318255765097483,0.3123408555984497,0.00045155754196457565,0.25761385010676546,363,44.64345772296656
CAEJax,learning_rate,0.03,32,0.03,1e-06,32,1.0,0.0,379939.0,0.9686909403119769,0.9681693315505981,0.0016681909328326583,0.9517039335685178,377,103.60393780609593
AEJax,weight_decay,1e-08,32,0.001,1e-08,32,1.0,0.0,7155411.0,0.13199326821735927,0.23826810717582703,0.0003217362391296774,0.18355071852076235,270,34.06399727705866
CAEJax,weight_decay,1e-07,32,0.001,1e-07,32,1.0,0.0,379939.0,0.41717580386570524,0.45610514283180237,0.0006583546637557447,0.37559173284535124,232,65.20710262504872
AEJax,weight_decay,1e-05,32,0.001,1e-05,32,1.0,0.0,7155411.0,0.18044633524758474,0.26148855686187744,0.0003584476071409881,0.20449457611847693,400,49.96030963002704
CAEJax,weight_decay,0.0001,32,0.001,0.0001,32,1.0,0.0,379939.0,0.37452925954546246,0.3982953727245331,0.0005712246056646109,0.32588398214047215,400,111.49201078095939
AEJax,weight_decay,0.01,32,0.001,0.01,32,1.0,0.0,7155411.0,1.0014175006321497,0.9956731796264648,0.0017529145115986466,1.0000387863666187,81,11.06284858006984
CAEJax,batch_size,8,32,0.001,1e-06,8,1.0,0.0,379939.0,0.3922809192112514,0.4297739565372467,0.0006189441191963851,0.35310799339861354,266,87.47754385101143
AEJax,batch_size,32,32,0.001,1e-06,32,1.0,0.0,7155411.0,0.13008461679731095,0.22977179288864136,0.00031803984893485904,0.18144192568465742,346,42.5336787259439
CAEJax,batch_size,64,32,0.001,1e-06,64,1.0,0.0,379939.0,0.42072159903390066,0.46304911375045776,0.0006687251152470708,0.3815080816774466,260,70.3297922789352
AEJax,batch_size,256,32,0.001,1e-06,256,1.0,0.0,7155411.0,0.1367775797843933,0.23964282870292664,0.000328853348037228,0.1876110334461348,400,15.588509810972027
CAEJax,batch_size,512,32,0.001,1e-06,512,1.0,0.0,379939.0,0.44770065943400067,0.49116119742393494,0.0007113607134670019,0.4058317161831532,400,92.98633672599681
AEJax,width,0.25,32,0.001,1e-06,32,0.25,0.0,1793139.0,0.5686022894723075,0.6424149870872498,0.0009637043694965541,0.5497939241820842,352,17.405007792054676
CAEJax,width,0.5,32,0.001,1e-06,32,0.5,0.0,178467.0,0.5195433071681431,0.5500934720039368,0.0007891327841207385,0.45020072940950345,279,67.1033846300561
AEJax,width,1.0,32,0.001,1e-06,32,1.0,0.0,7155411.0,0.13008461679731095,0.22977179288864136,0.00031803984893485904,0.18144192568465742,346,42.526057210052386
CAEJax,width,1.5,32,0.001,1e-06,32,1.5,0.0,604451.0,0.3361670289720808,0.38366323709487915,0.0005566641921177506,0.3175772574279711,274,97.52466475602705
AEJax,width,3.0,32,0.001,1e-06,32,3.0,0.0,21635027.0,0.01371205278805324,0.05793663486838341,7.921576616354287e-05,0.04519264238564846,400,134.9779382480774
CAEJax,width,4.0,32,0.001,1e-06,32,4.0,0.0,2072611.0,0.12660910402025496,0.1820041686296463,0.00028483293135650456,0.16249735917311187,279,234.793152570026
AEJax,noise,0.001,32,0.001,1e-06,32,1.0,0.001,7155411.0,0.1301072495324271,0.23364517092704773,0.000316137564368546,0.18035667119196416,343,41.82631834107451
CAEJax,noise,0.003,32,0.001,1e-06,32,1.0,0.003,379939.0,0.4121534824371338,0.45322924852371216,0.0006546087097376585,0.37345461421218623,271,74.76963058498222
AEJax,noise,0.03,32,0.001,1e-06,32,1.0,0.03,7155411.0,0.13204543931143625,0.22983641922473907,0.00031849791412241757,0.18170298665877127,313,38.33392746199388
CAEJax,noise,0.1,32,0.001,1e-06,32,1.0,0.1,379939.0,0.4175717830657959,0.4614604711532593,0.000655805051792413,0.3741342207548458,247,68.32892548700329
AEJax,noise,1.0,32,0.001,1e-06,32,1.0,1.0,7155411.0,0.5162979534694127,0.7077288031578064,0.0006001748843118548,0.3422434322545988,181,22.39504243596457
AEJax,n_latent,4,4,0.001,1e-06,32,1.0,0.0,902535.0,0.7515316690717425,0.7912098169326782,0.0012583744246512651,0.7179033684166203,364,22.35712256305851
CAEJax,n_latent,8,8,0.001,1e-06,32,1.0,0.0,134155.0,0.6127473286220005,0.6467697024345398,0.0009350963518954813,0.5334730328820056,274,82.22782714606728
AEJax,n_latent,32,32,0.001,1e-06,32,1.0,0.0,7155411.0,0.13227240528379167,0.2346222996711731,0.00031698544626124203,0.18084038832325808,400,52.84567689197138
CAEJax,n_latent,64,64,0.001,1e-06,32,1.0,0.0,707651.0,0.27668215547289166,0.32185986638069153,0.00047774010454304516,0.27255101785321845,262,75.69120964291506
AEJax,n_latent,256,256,0.001,1e-06,32,1.0,0.0,59210547.0,0.0040943316583122525,0.03613828867673874,5.048577440902591e-05,0.028802164757445407,400,311.1857587110717
CAEJax,learning_rate,1e-05,32,1e-05,1e-06,32,1.0,0.0,379939.0,0.6430931091308594,0.655302107334137,0.0009424090967513621,0.5376449582339239,400,112.36966216401197
AEJax,learning_rate,0.0001,32,0.0001,1e-06,32,1.0,0.0,7155411.0,0.1956465925489153,0.2760964632034302,0.0003720650856848806,0.21226335584293035,400,48.96448726800736
CAEJax,learning_rate,0.0003,32,0.0003,1e-06,32,1.0,0.0,379939.0,0.4282012666974749,0.47281357645988464,0.0006841267459094524,0.3902947212618427,365,100.60928296297789
AEJax,learning_rate,0.003,32,0.003,1e-06,32,1.0,0.0,7155411.0,0.13248375483921596,0.2501777112483978,0.0003522544866427779,0.2009613971380576,228,28.11393813905306
CAEJax,learning_rate,0.01,32,0.01,1e-06,32,1.0,0.0,379939.0,0.6379233769008091,0.6504419445991516,0.0009533703560009599,0.5438983632485362,400,110.08647224900778
AEJax,weight_decay,0.0,32,0.001,0.0,32,1.0,0.0,7155411.0,0.13028344086238317,0.2342691570520401,0.0003194895398337394,0.18226897521703928,277,29.712841853965074
CAEJax,weight_decay,1e-08,32,0.001,1e-08,32,1.0,0.0,379939.0,0.41298368998936247,0.4542851150035858,0.0006569823017343879,0.3748087994842476,274,76.87732859095559
AEJax,weight_decay,1e-06,32,0.001,1e-06,32,1.0,0.0,7155411.0,0.13227240528379167,0.2346222996711731,0.00031698544626124203,0.18084038832325808,400,48.969913362991065
CAEJax,weight_decay,1e-05,32,0.001,1e-05,32,1.0,0.0,379939.0,0.4050025599343436,0.4410209655761719,0.0006354670040309429,0.36253430916466717,230,64.76389723399188
AEJax,weight_decay,0.001,32,0.001,0.001,32,1.0,0.0,7155411.0,0.9376485688345773,0.9359108209609985,0.001582824275828898,0.9030022042478112,400,49.68797155097127
CAEJax,weight_decay,0.01,32,0.001,0.01,32,1.0,0.0,379939.0,1.0015859603881836,0.995664656162262,0.0017527221934869885,0.9999290687678959,85,24.87704950699117
AEJax,batch_size,16,32,0.001,1e-06,16,1.0,0.0,7155411.0,0.13031824145998275,0.23167209327220917,0.00031831167871132493,0.18159700473612087,358,82.00199272402097
CAEJax,batch_size,32,32,0.001,1e-06,32,1.0,0.0,379939.0,0.4122739178793771,0.4535760283470154,0.0006549374666064978,0.3736422198101766,271,74.94118416798301
AEJax,batch_size,128,32,0.001,1e-06,128,1.0,0.0,7155411.0,0.1370482019015721,0.2415613830089569,0.0003353792999405414,0.19133409294395629,395,19.929819888900965
CAEJax,batch_size,256,32,0.001,1e-06,256,1.0,0.0,379939.0,0.43446946144104004,0.4808652698993683,0.0006975054275244474,0.3979272671942985,400,105.92678701505065
AEJax,batch_size,1024,32,0.001,1e-06,1024,1.0,0.0,7155411.0,0.23813393712043762,0.3240916430950165,0.00044734703260473907,0.2552117519768594,400,8.64095302997157
CAEJax,width,0.25,32,0.001,1e-06,32,0.25,0.0,86371.0,0.6159952027457101,0.6354107856750488,0.0009047389030456543,0.5161540899991147,293,65.24600431707222
AEJax,width,0.75,32,0.001,1e-06,32,0.75,0.0,5363891.0,0.21393752098083496,0.3186621367931366,0.0004403571365401149,0.2512240120551215,353,38.686420404003
CAEJax,width,1.0,32,0.001,1e-06,32,1.0,0.0,379939.0,0.4124641077859061,0.4536627233028412,0.000655648997053504,0.3740481483594463,259,71.8065687159542
AEJax,width,2.0,32,0.001,1e-06,32,2.0,0.0,14362451.0,0.027207804577691213,0.08990991860628128,0.00012248687562532723,0.06987883643822404,400,85.69374205905478
CAEJax,width,3.0,32,0.001,1e-06,32,3.0,0.0,1416227.0,0.19982501438685826,0.25714629888534546,0.0003880555450450629,0.22138592255465075,217,127.50881762208883
AEJax,noise,0.0,32,0.001,1e-06,32,1.0,0.0,7155411.0,0.13227240528379167,0.2346222996711731,0.00031698544626124203,0.18084038832325808,400,48.70874260994606
CAEJax,noise,0.001,32,0.001,1e-06,32,1.0,0.001,379939.0,0.4116485459463937,0.4529654085636139,0.0006548529490828514,0.3735940025119486,274,75.81762852100655
AEJax,noise,0.01,32,0.001,1e-06,32,1.0,0.01,7155411.0,0.1310611367225647,0.23375876247882843,0.000318468693876639,0.18168650958238722,348,42.4881695919903
CAEJax,noise,0.03,32,0.001,1e-06,32,1.0,0.03,379939.0,0.4114807333265032,0.45322516560554504,0.0006549454992637038,0.3736462565001107,274,75.7779909139499
AEJax,noise,0.3,32,0.001,1e-06,32,1.0,0.3,7155411.0,0.19314326558794295,0.3120332360267639,0.00035066530108451843,0.20004497404429158,297,36.30773861496709
CAEJax,noise,1.0,32,0.001,1e-06,32,1.0,1.0,379939.0,0.7064136777605329,0.7670576572418213,0.0007294561946764588,0.415964743395909,107,29.94621535600163
