stage,trial,latent,branch,r_field,n_delays,hidden,cnn_channels,kernel_size,gru_hidden,gru_layers,activation,dropout,weight_decay,sensor_noise,lr,band_hz,ensemble,lambda_field,seed,axis,n_params,size_proxy,nmse_train,nmse_val,cos_val,nmse_test,nmse_fullband,epochs_run,best_epoch,stopped_early,seconds
random,0,ae,cnn,2,2,"(16,)","(4,)",3,128,2,relu,0.3,0.13758913034270193,0.05,0.0013009297269681644,,1,0.0,74,random,166,160,0.77510907304995,0.8170904816621689,0.45034750664833273,nan,nan,300,100,1,146.2061803340912
random,1,pod,gru,4,9,"(128, 128)","(16, 32)",5,8,2,gelu,0.0,0.0003686372440472491,0.1,0.0010048718498668677,,1,0.0,9,random,996,992,0.8464080637843445,0.8696633307062756,0.43923942165849916,nan,nan,822,632,1,37.43335247039795
random,2,ae,mlp,7,4,"(16, 16)","(16,)",5,64,1,relu,0.3,0.0016927123281901201,0.0,0.013909476731755962,,1,0.0,37,random,1175,1136,0.7472621144835305,0.7863327149356714,0.4715424504488234,nan,nan,312,112,1,152.29710054397583
random,3,ae,mlp,72,11,"(16,)","(8,)",5,128,1,tanh,0.5,1.5571698889511278,0.1,0.0012808497568082184,,1,0.0,73,random,3352,3264,1.0593300557153282,1.0686967295800307,0.0009274233022644841,nan,nan,230,30,1,548.1840765476227
random,4,ae,linear,6,50,"(32,)","(16,)",9,128,1,gelu,0.5,0.24216658851019154,0.5,0.005382911651088105,,1,0.0,35,random,3606,3600,0.7191800969857213,0.7592383807427425,0.4984374494842628,nan,nan,262,62,1,99.8737428188324
random,5,pod,mlp,17,3,"(32, 32, 32)","(16,)",9,32,2,relu,0.3,0.8738732805400405,0.1,0.003422155827748499,,1,0.0,3,random,3857,3744,0.9999985706356449,1.004819673103303,0.024049445730662866,nan,nan,201,1,1,11.41169285774231
random,6,pod,mlp,36,16,"(32, 32, 32)","(32, 64)",15,64,2,relu,0.0,0.001130375469924273,0.1,0.016615983404062194,,1,0.0,54,random,9476,9344,1.0000006830935588,1.0048135522751955,0.00397728729252949,nan,nan,201,4,1,11.240649223327637
random,7,pod,linear,18,57,"(8,)","(16,)",5,8,1,gelu,0.1,0.08364125658281225,0.5,0.0007520971189437719,,1,0.0,65,random,12330,12312,0.9906275857572405,0.9961112168965383,0.28422650625197,nan,nan,209,10,1,9.01322627067566
random,8,ae,linear,27,38,"(64,)","(4,)",15,32,2,gelu,0.2,0.8247060829152373,0.0,0.026360243491333042,,1,0.0,78,random,12339,12312,0.8316598565832465,0.8758309161594454,0.4473206802788733,nan,nan,316,116,1,268.32683801651
random,9,ae,linear,33,33,"(64, 64)","(32, 64)",9,32,2,tanh,0.2,2.9068631255808625e-05,0.25,0.01966222680118954,,1,0.0,57,random,13101,13068,0.6942463230576356,0.7513690933081648,0.5109409385192223,nan,nan,371,171,1,311.3299117088318
random,10,ae,linear,44,25,"(8,)","(8, 16)",5,8,1,relu,0.3,1.0296181963100989e-05,0.25,0.0017718907625805685,,1,0.0,26,random,13244,13200,0.6968269736765919,0.7422542124934489,0.5178660653543252,nan,nan,289,89,1,344.1043977737427
random,11,ae,linear,60,29,"(16,)","(16, 32)",15,128,1,relu,0.5,1.7347155359349116e-05,0.1,0.01540193205879547,,1,0.0,5,random,20940,20880,0.6893268005251663,0.753648193255996,0.5151990945991848,nan,nan,316,116,1,503.36775636672974
random,12,pod,cnn,103,25,"(64,)","(8,)",9,8,1,tanh,0.0,2.3402021805012142e-05,0.5,0.02783691563709711,,1,0.0,33,random,21575,21464,0.6989085251563772,0.763743012506734,0.49113804202464667,nan,nan,222,22,1,12.672266960144043
random,13,ae,mlp,3,24,"(64, 64)","(16,)",3,64,2,relu,0.0,0.4147057736248859,0.1,0.00551304439468279,,1,0.0,10,random,22851,22720,0.9613990634450084,0.9892667353356602,0.35130581469227945,nan,nan,239,39,1,173.986554145813
random,14,ae,linear,68,32,"(32,)","(8, 16)",3,128,2,gelu,0.5,1.1023372323101033,0.0,0.013217570697948211,,1,0.0,69,random,26180,26112,0.8881624518133728,0.9359082092316969,0.36887684089787287,nan,nan,290,90,1,484.5342366695404
random,15,pod,cnn,104,4,"(128, 128)","(32, 64)",3,16,2,relu,0.1,0.00044712857297511265,0.5,0.0037697159754814685,,1,0.0,0,random,34120,33920,0.7404329883376871,0.78243860981022,0.4736022764220896,nan,nan,276,90,1,15.545347452163696
random,16,pod,mlp,121,9,"(128, 128)","(16,)",3,8,2,gelu,0.3,0.029172091002206912,0.05,0.0008200351048113125,,1,0.0,62,random,46073,45696,0.9999796347994565,1.0048201326210584,0.009697881012678851,nan,nan,201,1,1,12.947660446166992
random,17,ae,mlp,103,86,"(128, 128)","(8, 16)",15,16,1,gelu,0.3,0.00012194993542123622,0.05,0.003635749676299295,,1,0.0,42,random,162023,161664,0.6771037612584965,0.7889197453716049,0.48481287613122664,nan,nan,213,13,1,608.823944568634
random,18,pod,linear,9,3,"(8,)","(8, 16)",3,8,1,tanh,0.0,5.759506207366602e-05,0.0,0.004264198280620193,20.0,1,0.0,34,random,333,324,0.6994472509274807,0.7433901530064997,0.5247954164923,nan,nan,720,524,1,18.01220965385437
random,19,ae,mlp,7,5,"(8,)","(16, 32)",9,64,1,relu,0.0,0.00025084093522743993,0.5,0.008150119740003132,20.0,1,0.0,53,random,551,536,0.6273368877650387,0.6567744341792912,0.595803758390149,nan,nan,240,40,1,144.14447903633118
random,20,pod,gru,28,8,"(32, 32, 32)","(16, 32)",5,8,1,relu,0.2,0.001230456265336372,0.05,0.0005399612918464544,20.0,1,0.0,20,random,780,704,0.9109528025180588,0.9237355417925676,0.5139459752475539,nan,nan,704,699,1,29.137632846832275
random,21,pod,cnn,2,4,"(128, 128)","(8, 16)",5,128,2,gelu,0.1,0.5211519007721753,0.1,0.003984648855944173,20.0,1,0.0,51,random,1274,1248,1.0000044096997003,1.0095983075626365,-0.28652416060503033,nan,nan,201,4,1,10.48598337173462
random,22,pod,gru,70,5,"(32, 32, 32)","(8,)",3,8,2,relu,0.0,0.08026333315734571,0.05,0.0015830402161557127,20.0,1,0.0,47,random,1590,1520,1.0000703263647939,1.0097414991343476,-0.02966747486374234,nan,nan,204,5,1,14.38562822341919
random,23,pod,mlp,5,2,"(64,)","(16, 32)",15,32,2,gelu,0.1,1.1311302401323596e-05,0.0,0.00043919082414475835,20.0,1,0.0,63,random,1925,1856,0.638914851240875,0.6861515436125489,0.5686325163805025,nan,nan,958,952,1,26.80003786087036
random,24,ae,mlp,2,3,"(32, 32, 32)","(8, 16)",5,8,1,gelu,0.2,4.857475720838328e-05,0.25,0.0011318196562033536,20.0,1,0.0,25,random,3362,3264,0.6440143250815231,0.6870363464957827,0.5768958420068762,nan,nan,267,67,1,146.8980634212494
random,25,ae,mlp,19,4,"(64,)","(16, 32)",15,8,1,tanh,0.1,2.9789346327038003e-06,0.5,0.010078092028325943,20.0,1,0.0,11,random,4371,4288,0.6351593128199088,0.692843121253621,0.5702253391896923,nan,nan,214,14,1,185.79190468788147
random,26,pod,linear,10,44,"(32, 32)","(8, 16)",9,16,2,tanh,0.3,0.007908305630846588,0.05,0.011031693588764584,20.0,1,0.0,21,random,5290,5280,0.8746516633868348,0.8960827616674901,0.43179912838653695,nan,nan,227,27,1,9.717782497406006
random,27,pod,mlp,19,11,"(64,)","(4,)",9,64,1,tanh,0.2,0.028091239531110063,0.0,0.004908211651363718,20.0,1,0.0,55,random,9747,9664,0.9993155286687108,1.0089542520272738,0.4001652897219781,nan,nan,201,1,1,10.28865933418274
random,28,ae,linear,18,46,"(128, 128)","(32, 64)",3,128,1,relu,0.1,5.221551764594244e-06,0.05,0.00223658335927877,20.0,1,0.0,68,random,9954,9936,0.5535479186863237,0.6229343707629389,0.628891402493111,nan,nan,294,94,1,187.6624264717102
random,29,ae,gru,4,50,"(32,)","(8,)",9,64,1,relu,0.5,1.3722690120519245e-05,0.05,0.0004159315612008846,20.0,1,0.0,58,random,15236,14848,0.5812353948042527,0.6195548376425821,0.6260161876413176,nan,nan,216,16,1,116.0840413570404
random,30,ae,cnn,9,18,"(16, 16)","(32, 64)",9,128,1,gelu,0.2,0.0066119797323416635,0.5,0.003031948543646948,20.0,1,0.0,64,random,32361,32256,0.5704090943928719,0.6184988803236582,0.6274056029469114,nan,nan,203,3,1,140.40504956245422
random,31,ae,mlp,4,83,"(32, 32)","(16, 32)",3,64,2,gelu,0.0,0.044310194328824305,0.5,0.000556402669483305,20.0,1,0.0,23,random,33092,33024,0.579483372905158,0.6647041350490286,0.5940698624787152,nan,nan,261,61,1,11.074755668640137
random,32,ae,gru,96,61,"(32, 32, 32)","(4,)",3,64,2,gelu,0.5,1.46420268904644e-06,0.1,0.000650255743151437,20.0,1,0.0,52,random,46176,35328,0.6053703649890645,0.6292858363143023,0.6294516204098626,nan,nan,207,7,1,339.93894124031067
random,33,ae,mlp,3,86,"(64,)","(8, 16)",9,64,1,relu,0.5,1.6577697712486975e-06,0.25,0.0007091018418452729,20.0,1,0.0,22,random,66307,66240,0.5518521964561542,0.622848096345436,0.6275633127738663,nan,nan,285,85,1,109.0008430480957
random,34,pod,cnn,91,51,"(16, 16)","(32, 64)",3,64,1,tanh,0.3,2.349865333883485e-05,0.25,0.013793387085833697,20.0,1,0.0,8,random,304507,304320,0.5606396793947188,0.6521128075085239,0.5998122345905034,nan,nan,203,3,1,12.45942234992981
random,35,pod,gru,19,7,"(64, 64)","(16,)",15,8,1,tanh,0.2,7.382514799560365e-06,0.05,0.0007656525549322364,30.0,1,0.0,1,random,699,632,0.6316025596524423,0.7030518530493226,0.5519862403071638,nan,nan,1586,1387,1,56.95063090324402
random,36,pod,mlp,9,3,"(16, 16)","(4,)",3,32,1,tanh,0.1,0.00010657342916689637,0.5,0.026333052558895724,30.0,1,0.0,13,random,1017,976,0.6905693713680041,0.7417003512393572,0.5295699835499901,nan,nan,272,72,1,12.717929363250732
random,37,pod,cnn,3,9,"(8,)","(16,)",5,64,2,relu,0.1,0.27462431919521796,0.1,0.00851272247978551,30.0,1,0.0,12,random,1411,1392,0.9999865932800484,1.0072634769665154,0.06835836881450819,nan,nan,201,1,1,10.098582744598389
random,38,ae,gru,77,13,"(32, 32)","(8,)",15,8,2,relu,0.1,0.2582754530229639,0.25,0.0010986943962264036,30.0,1,0.0,6,random,1653,1576,1.0183387066557776,1.0270486428808594,-8.75486247228536e-18,nan,nan,252,52,1,329.8663737773895
random,39,ae,cnn,7,9,"(64,)","(8, 16)",3,16,1,gelu,0.5,0.4213307446427178,0.5,0.0071428857911336446,30.0,1,0.0,75,random,1711,1680,1.0118339311276476,1.0184428937168193,5.511191925281349e-19,nan,nan,210,27,1,136.8273060321808
random,40,pod,linear,29,9,"(16, 16)","(16, 32)",15,128,1,relu,0.1,0.18694545113854494,0.1,0.0010557347580784863,30.0,1,0.0,41,random,3161,3132,0.997369252137775,1.0049493861136098,0.4424877998390163,nan,nan,210,39,1,9.516114234924316
random,41,pod,mlp,3,15,"(16, 16)","(4,)",15,32,2,tanh,0.2,8.339426606351281e-05,0.05,0.0016619783586316334,30.0,1,0.0,67,random,3219,3184,0.6260144858984993,0.6729955634666995,0.5834717015288938,nan,nan,613,413,1,20.43819308280945
random,42,pod,mlp,25,24,"(16, 16)","(16, 32)",5,16,2,gelu,0.5,1.1103797936386521,0.5,0.008655518394569787,30.0,1,0.0,71,random,5321,5264,0.9999999592243538,1.0072640837168232,0.02550350712124075,nan,nan,201,1,1,10.900141954421997
random,43,ae,gru,86,3,"(32,)","(16,)",9,32,1,gelu,0.5,5.198377512451763e-05,0.1,0.0003287295922435806,30.0,1,0.0,50,random,7254,6976,0.6239628658127886,0.6978798334573588,0.5737759596702727,nan,nan,362,162,1,346.4588396549225
random,44,pod,mlp,75,9,"(32, 32, 32)","(8, 16)",5,128,2,tanh,0.5,0.0013611280739730628,0.25,0.011268265763321007,30.0,1,0.0,60,random,8075,7904,0.8659701643708148,0.879868843730168,0.41508216252184166,nan,nan,284,84,1,15.179882287979126
random,45,ae,mlp,29,9,"(64,)","(16,)",9,32,1,tanh,0.0,1.9640870618141744,0.1,0.0011169962427831496,30.0,1,0.0,18,random,8861,8768,1.0174077956525718,1.033312858435742,0.18500125195075537,nan,nan,202,2,1,189.12685751914978
random,46,pod,cnn,3,52,"(8,)","(16, 32)",9,16,1,relu,0.2,0.0032709885288947577,0.1,0.0007764151193790569,30.0,1,0.0,59,random,11379,11328,0.5938322078171487,0.6453597108174669,0.6029034977506652,nan,nan,226,26,1,10.294468879699707
random,47,pod,cnn,4,6,"(16, 16)","(32, 64)",5,8,1,tanh,0.5,0.014603799045992473,0.0,0.016476161569925825,30.0,1,0.0,45,random,13796,13696,0.7793934555481927,0.798418844155721,0.5224454737444064,nan,nan,201,1,1,10.577148914337158
random,48,ae,gru,9,38,"(32, 32, 32)","(16,)",3,64,1,gelu,0.1,0.0036684114891681156,0.1,0.002986029949531028,30.0,1,0.0,31,random,15561,15168,0.5641052744048585,0.6397498987929658,0.611602279668251,nan,nan,216,16,1,178.71773386001587
random,49,ae,gru,53,72,"(8,)","(16, 32)",9,64,2,tanh,0.3,2.6586458371301343e-06,0.0,0.025470879135840202,30.0,1,0.0,30,random,43381,32576,0.5936906661345959,0.6800116890910629,0.5933278252379702,nan,nan,202,2,1,287.17432141304016
random,50,pod,mlp,22,88,"(32,)","(16,)",15,128,2,tanh,0.2,0.004269759645734823,0.05,0.005221104263906361,30.0,1,0.0,32,random,34550,34496,0.9237681346847,0.9389209098372508,0.5036459038461928,nan,nan,258,58,1,11.314520120620728
random,51,ae,gru,54,39,"(64, 64)","(8, 16)",5,128,2,gelu,0.1,3.1570479232684653e-06,0.1,0.002844590195998469,30.0,1,0.0,14,random,160566,114432,0.6046821762562852,0.6420481391608067,0.6211306191642254,nan,nan,202,2,1,318.9303357601166
random,52,pod,cnn,57,87,"(32, 32)","(32, 64)",3,8,1,relu,0.5,0.0005470016831821649,0.1,0.00033581694752826956,30.0,1,0.0,7,random,324825,324672,0.5433806207800118,0.6434253203396472,0.6028312878062432,nan,nan,244,44,1,13.22649097442627
random,53,pod,linear,4,4,"(32, 32)","(8, 16)",5,32,2,gelu,0.1,0.14431974155730504,0.5,0.006611447028514151,40.0,1,0.0,24,random,196,192,0.9977416577828083,1.0045899390425435,0.3927604548851667,nan,nan,202,2,1,8.952820301055908
random,54,pod,linear,3,9,"(16, 16)","(4,)",15,32,2,relu,0.2,0.043447875826192334,0.0,0.0038922454674123427,40.0,1,0.0,46,random,327,324,0.985569479317732,0.9936216696172239,0.4238979793033274,nan,nan,221,21,1,9.102550268173218
random,55,ae,gru,10,32,"(32, 32)","(16, 32)",9,8,1,tanh,0.5,0.03720263751526315,0.25,0.000704135464705769,40.0,1,0.0,76,random,618,560,0.6689655122404078,0.7098613448746074,0.5508723102664494,nan,nan,352,162,1,182.126282453537
random,56,ae,cnn,8,8,"(128, 128)","(8,)",3,128,1,relu,0.0,0.0033091309146944044,0.1,0.004375256716196976,40.0,1,0.0,77,random,816,800,0.6192455921017426,0.6574552050180695,0.5923125536430708,nan,nan,214,14,1,171.14639115333557
random,57,ae,mlp,45,6,"(16, 16)","(16,)",3,128,2,gelu,0.0,0.0032032583705558326,0.25,0.0010737512015159953,40.0,1,0.0,2,random,2205,2128,0.6418517521028374,0.692947673826272,0.5691546519400393,nan,nan,292,92,1,290.23265957832336
random,58,ae,mlp,25,53,"(8,)","(8,)",15,32,1,relu,0.5,0.005747170883845726,0.1,0.012745541807362308,40.0,1,0.0,66,random,5321,5288,0.662467239947,0.7057223594573714,0.5754241977555392,nan,nan,305,105,1,238.87375903129578
random,59,ae,mlp,102,48,"(8,)","(32, 64)",5,8,2,relu,0.3,0.009468306850758496,0.05,0.0009496437669276554,40.0,1,0.0,40,random,5534,5424,0.6315944669870697,0.6796134089582537,0.5779563913171867,nan,nan,342,142,1,464.5468113422394
random,60,pod,gru,2,29,"(16, 16)","(16,)",5,32,2,gelu,0.1,0.0021173534053210395,0.05,0.0009967143210626544,40.0,1,0.0,44,random,10818,8512,0.8170001376350267,0.8427923496877411,0.5164988940101697,nan,nan,388,188,1,20.009273529052734
random,61,pod,mlp,5,8,"(64, 64)","(32, 64)",9,8,1,gelu,0.0,1.8021288919992886,0.0,0.01390565371880637,40.0,1,0.0,39,random,10693,10560,0.9999998745975708,1.0065601395852863,0.010242949856432329,nan,nan,201,1,1,9.940008163452148
random,62,pod,linear,110,38,"(64, 64)","(16,)",15,8,1,relu,0.2,0.4611706838741855,0.05,0.002063608411070958,40.0,1,0.0,28,random,50270,50160,0.9979818373835403,1.0046848020884656,0.2838328976083309,nan,nan,202,2,1,10.590473413467407
random,63,pod,gru,27,3,"(32, 32, 32)","(4,)",3,128,1,gelu,0.0,0.012357640356789483,0.1,0.000347763463066365,40.0,1,0.0,29,random,58011,57216,0.999844491624933,1.0064369514463398,0.05477630092429252,nan,nan,202,4,1,11.925342082977295
random,64,pod,mlp,5,10,"(8,)","(4,)",5,128,2,tanh,0.1,1.3772859882774824e-06,0.1,0.0003988550778619399,60.0,1,0.0,27,random,1013,1000,0.7121344447087677,0.7383055638821081,0.5321370179902041,nan,nan,2000,2000,0,50.445775270462036
random,65,pod,linear,6,14,"(64,)","(8, 16)",5,32,1,relu,0.5,0.11039755393965206,0.05,0.0010784948578593646,60.0,1,0.0,36,random,1014,1008,0.9938208228633806,1.000262155305191,0.3885954864517978,nan,nan,211,11,1,8.728190183639526
random,66,pod,cnn,94,2,"(128, 128)","(4,)",9,64,1,relu,0.5,1.7250112562749513,0.05,0.001011994381548665,60.0,1,0.0,48,random,1282,1184,0.999980082400897,1.005618323116201,0.017904840524665084,nan,nan,201,1,1,11.346184253692627
random,67,ae,gru,6,6,"(8,)","(32, 64)",9,16,1,tanh,0.3,7.2585244694333605e-06,0.25,0.0027762584152122762,60.0,1,0.0,70,random,1542,1440,0.6700022104905125,0.7263453435797899,0.5348468086073608,nan,nan,226,26,1,176.13142108917236
random,68,ae,cnn,6,27,"(128, 128)","(8,)",15,16,1,tanh,0.5,3.4243652488341275e-05,0.0,0.005780432514084398,60.0,1,0.0,79,random,2750,2736,0.6363553497543066,0.705371438529929,0.5556473830588485,nan,nan,211,11,1,9.090381860733032
random,69,ae,mlp,68,3,"(32, 32, 32)","(16, 32)",9,8,2,relu,0.5,0.2810190178030646,0.05,0.0018082994849444823,60.0,1,0.0,16,random,5540,5376,1.0388264140108925,1.0491574439237303,9.823409912168636e-18,nan,nan,215,37,1,404.90700697898865
random,70,pod,linear,115,4,"(64,)","(16, 32)",9,16,1,relu,0.0,2.2917623873847566e-05,0.25,0.008510802905550662,60.0,1,0.0,43,random,5635,5520,0.7196170089398634,0.7627180686522986,0.4989610504272621,nan,nan,511,410,1,16.616509914398193
random,71,ae,linear,36,15,"(32, 32)","(8, 16)",5,8,1,gelu,0.5,2.0100993721896257e-05,0.0,0.009856732687213411,60.0,1,0.0,17,random,6516,6480,0.6329346397044031,0.6805419855219511,0.5763990322472932,nan,nan,308,108,1,275.1163890361786
random,72,pod,mlp,16,43,"(16,)","(32, 64)",5,128,2,gelu,0.2,9.234260462621272e-06,0.0,0.0019071888651302584,60.0,1,0.0,15,random,8544,8512,0.6321009592029961,0.6860758181567648,0.5663293813074788,nan,nan,393,194,1,14.04997992515564
random,73,ae,mlp,6,26,"(32, 32, 32)","(32, 64)",5,128,2,tanh,0.3,0.09954998931985574,0.05,0.0077157511739997745,60.0,1,0.0,72,random,12326,12224,0.7151307992352195,0.7436446722306475,0.5268399278280317,nan,nan,236,36,1,11.448845386505127
random,74,pod,cnn,3,7,"(64, 64)","(32, 64)",5,128,2,gelu,0.3,0.22563034857191722,0.0,0.022267572177899382,60.0,1,0.0,56,random,13603,13504,0.9999999624512691,1.0058284957656805,0.039908073231488025,nan,nan,201,34,1,10.607279777526855
random,75,ae,gru,5,69,"(64,)","(16,)",3,64,1,relu,0.5,4.98834618627962e-05,0.05,0.004880761115617844,60.0,1,0.0,19,random,15301,14912,0.6635191176300216,0.7158185817505268,0.5469598887993236,nan,nan,203,3,1,172.36345767974854
random,76,ae,mlp,3,25,"(64, 64)","(32, 64)",3,32,2,tanh,0.1,0.001995568331831743,0.5,0.003154271149147904,60.0,1,0.0,4,random,23619,23488,0.6713885604742057,0.7180415011668777,0.5475846379167427,nan,nan,204,4,1,160.56175303459167
random,77,ae,cnn,48,32,"(32, 32, 32)","(8, 16)",9,64,2,relu,0.1,0.01145845088914899,0.05,0.017930010228495812,60.0,1,0.0,49,random,26664,26592,0.6478382037374293,0.7086404920431085,0.5584492056088778,nan,nan,253,53,1,314.3991494178772
random,78,ae,linear,62,48,"(16,)","(32, 64)",3,64,1,tanh,0.1,0.0007018731408143037,0.1,0.005518070282343371,60.0,1,0.0,38,random,35774,35712,0.6199045791001485,0.7144429941157575,0.5542013254224183,nan,nan,332,132,1,367.4650866985321
random,79,pod,cnn,9,59,"(16, 16)","(32, 64)",15,8,2,tanh,0.5,0.05515862314865772,0.25,0.018474068705592792,60.0,1,0.0,61,random,70569,70464,0.8622008665228981,0.8843150174565756,0.43244098355969623,nan,nan,215,15,1,11.53031611442566
random,0,pod,linear,3,3,"(16,)","(32, 64)",9,32,1,tanh,0.2,0.0032709885288947577,0.1,0.0029532847621768616,,1,0.01,56,random,111,108,0.9576935055634215,0.9683542846337608,0.3337773436222754,nan,nan,279,79,1,21.59112000465393
random,1,pod,gru,11,12,"(64,)","(32, 64)",9,8,1,tanh,0.3,0.822696120550024,0.5,0.0005900072703582791,,1,1.0,76,random,627,568,0.9995016807661743,1.0043630431135604,0.07476820995403936,nan,nan,201,1,1,15.60102391242981
random,2,pod,cnn,4,9,"(16, 16)","(4,)",9,16,2,relu,0.3,0.012619836958996907,0.0,0.0017296960533723484,,1,0.3,9,random,584,576,0.8142147491838324,0.8388048244784208,0.4492421471105549,nan,nan,251,51,1,17.14575457572937
random,3,ae,linear,10,8,"(16, 16)","(32, 64)",5,32,2,tanh,0.5,0.010734927487869762,0.5,0.0005135006152485449,,1,0.0,27,random,970,960,0.7302319632477551,0.7628038275870798,0.4945815447182409,nan,nan,284,100,1,186.60338830947876
random,4,pod,gru,11,6,"(32, 32)","(32, 64)",15,8,2,gelu,0.3,0.0003485112684222562,0.0,0.0008728126090533963,,1,1.0,15,random,1059,1048,0.8471865384114062,0.8683075816949661,0.41897188281577485,nan,nan,930,772,1,51.06047797203064
random,5,ae,linear,4,94,"(8,)","(4,)",5,16,1,tanh,0.0,2.0017101540034966e-06,0.25,0.00041109342030811846,,1,0.0,32,random,4516,4512,0.6939351261702992,0.7427525598265144,0.5125228740705259,nan,nan,405,205,1,118.15007996559143
random,6,pod,linear,24,16,"(32, 32, 32)","(16,)",3,32,2,gelu,0.3,0.001662056898449194,0.05,0.00047093652733646885,,1,0.1,63,random,4632,4608,0.8780257499328,0.8977288023676466,0.39535072082237155,nan,nan,529,381,1,20.889028072357178
random,7,pod,mlp,11,13,"(32,)","(16, 32)",3,64,1,relu,0.3,1.8978091082710432e-05,0.5,0.00048449279737693287,,1,0.01,43,random,5387,5344,0.7239881040917868,0.7524905403641196,0.5085989024054506,nan,nan,2000,2000,0,69.16647386550903
random,8,pod,cnn,3,23,"(128, 128)","(16, 32)",5,8,2,relu,0.3,1.7951328695589967e-05,0.5,0.020134975074086885,,1,1.0,74,random,5779,5728,0.7160629756422671,0.7614929950286697,0.4954017567185015,nan,nan,209,9,1,13.388673305511475
random,9,pod,mlp,8,33,"(16, 16)","(8,)",15,64,1,relu,0.5,0.05624645414865426,0.5,0.0019631737563806317,,1,0.1,51,random,6760,6720,0.999960941155252,1.0047670287576018,0.14594749835880103,nan,nan,201,1,1,13.842555046081543
random,10,ae,cnn,12,60,"(32,)","(8, 16)",3,128,1,relu,0.5,1.8682660711113525e-05,0.1,0.029471594626337468,,1,0.01,10,random,12228,12192,0.7348371609406463,0.8115098007415342,0.4508227539261605,nan,nan,205,5,1,193.85114884376526
random,11,ae,linear,50,32,"(32, 32, 32)","(32, 64)",5,8,2,gelu,0.2,5.8951085711876946e-05,0.1,0.0014575067666666452,,1,1.0,69,random,19250,19200,0.6840841135671496,0.7500149812326723,0.5114075217245151,nan,nan,263,63,1,473.92048811912537
random,12,ae,mlp,89,15,"(64, 64)","(8,)",3,8,1,relu,0.3,0.01086060542183216,0.05,0.0029787936540754596,,1,0.0,35,random,21529,21312,0.7365851864781077,0.767322742827031,0.4943744969988409,nan,nan,271,71,1,654.3845725059509
random,13,pod,gru,109,25,"(32, 32, 32)","(8,)",3,64,2,tanh,0.5,0.0032276920302585325,0.05,0.0019028720059331072,,1,0.01,40,random,47021,36160,0.9998966477963565,1.0047110668143042,0.10251903863944914,nan,nan,201,1,1,19.359723567962646
random,14,pod,cnn,66,34,"(32, 32)","(16,)",5,32,2,relu,0.0,2.072144917986482e-05,0.0,0.0011084962611192823,,1,0.01,12,random,36946,36864,0.6899226137325001,0.7535248548496267,0.5005407163713724,nan,nan,245,45,1,15.898784637451172
random,15,ae,gru,2,51,"(32,)","(16, 32)",3,128,1,relu,0.2,0.0007285013887628801,0.0,0.0022697946867577135,,1,0.3,36,random,54786,54016,0.7236701668509504,0.7544545269036406,0.5034660325927379,nan,nan,203,3,1,107.21489715576172
random,16,ae,mlp,115,23,"(128, 128)","(16, 32)",9,32,2,tanh,0.0,1.2432109486499496,0.05,0.0007577529855567119,,1,1.0,16,random,66803,66432,1.0116188037396734,1.0223549762627435,0.14817690413177972,nan,nan,201,1,1,730.1908266544342
random,17,pod,gru,28,8,"(32, 32, 32)","(16, 32)",5,8,1,relu,0.2,0.001230456265336372,0.05,0.0005399612918464544,20.0,1,0.01,19,random,780,704,0.9100929805929142,0.9229709150712091,0.5173080423106023,nan,nan,624,426,1,33.58120346069336
random,18,pod,mlp,40,3,"(32,)","(16,)",15,16,1,relu,0.0,0.01399760052052019,0.25,0.0021974518671843586,20.0,1,1.0,67,random,2504,2432,0.9990191025558381,1.0087189938609369,0.3147376113102034,nan,nan,243,242,1,14.41517949104309
random,19,pod,cnn,2,11,"(64, 64)","(16, 32)",3,8,1,relu,0.0,3.390034927339436e-06,0.0,0.0008128836992144412,20.0,1,0.1,25,random,2866,2816,0.6149466465278886,0.6437738358631774,0.6058332812097149,nan,nan,241,41,1,15.165382623672485
random,20,ae,gru,46,4,"(64,)","(16, 32)",5,16,2,relu,0.2,2.4387106701079384e-05,0.05,0.0006735018333884431,20.0,1,0.0,55,random,3854,3424,0.6261500482208628,0.6763996691998589,0.5886861370708871,nan,nan,262,62,1,230.13901948928833
random,21,pod,mlp,25,35,"(8,)","(4,)",9,16,2,gelu,0.1,2.6780726277812357,0.5,0.00036489920947067585,20.0,1,1.0,53,random,3593,3560,0.999984706767456,1.0096696738572828,0.022851802698667628,nan,nan,207,83,1,13.76218843460083
random,22,pod,cnn,3,23,"(16, 16)","(16, 32)",5,64,2,gelu,0.2,0.0026529969584251343,0.0,0.0024876714415267656,20.0,1,0.0,3,random,5779,5728,0.5898782379683394,0.6251298500901042,0.6225549750382625,nan,nan,217,17,1,12.107106685638428
random,23,pod,mlp,22,47,"(16,)","(8,)",3,16,1,gelu,0.1,6.628183175276291e-06,0.25,0.012297564926048445,20.0,1,1.0,33,random,9414,9376,0.5384515442999428,0.60101511713077,0.6386252443068189,nan,nan,242,42,1,14.763486862182617
random,24,pod,cnn,53,4,"(16, 16)","(16, 32)",5,8,1,tanh,0.1,0.37899862942713397,0.5,0.016990080929006834,20.0,1,0.1,5,random,10405,10304,0.9999984605307687,1.0095865672892863,0.02031743618256888,nan,nan,201,1,1,15.231846332550049
random,25,ae,cnn,13,5,"(16, 16)","(32, 64)",5,8,2,tanh,0.2,4.98834618627962e-05,0.5,0.014969603538053837,20.0,1,0.3,18,random,16429,16320,0.6286665504912894,0.6778088263651709,0.5833127172533268,nan,nan,212,12,1,171.16060495376587
random,26,ae,mlp,21,23,"(64,)","(8,)",9,16,2,gelu,0.2,0.00615031445233633,0.25,0.0004052459430260258,20.0,1,0.0,31,random,19093,19008,0.5470016750958768,0.6016488238954238,0.6397482047276556,nan,nan,271,71,1,210.14060497283936
random,27,ae,cnn,9,59,"(128, 128)","(32, 64)",3,64,1,gelu,0.3,0.23919742504955818,0.25,0.018474068705592792,20.0,1,0.01,58,random,41385,41280,0.655985568163569,0.6966528419508211,0.5639096145532297,nan,nan,277,77,1,153.0234603881836
random,28,pod,gru,6,13,"(16,)","(32, 64)",9,128,1,gelu,0.1,6.215239992681414e-05,0.1,0.0006286736708452378,20.0,1,1.0,2,random,55302,54528,0.5523651960605922,0.6545353586726491,0.596561749182818,nan,nan,344,144,1,21.97711420059204
random,29,pod,gru,10,14,"(16,)","(8,)",15,128,2,relu,0.0,2.5960656128590352e-05,0.25,0.0015130294308503447,20.0,1,0.01,59,random,154890,108800,0.5431424896874345,0.6577636294503358,0.5942646310234223,nan,nan,252,52,1,19.868687391281128
random,30,ae,mlp,22,90,"(128, 128)","(16, 32)",3,64,2,gelu,0.3,0.8790306619736641,0.1,0.007184252133351287,20.0,1,0.1,13,random,157718,157440,1.0439222651451139,1.0584577315203638,-0.09681468509708642,nan,nan,201,1,1,183.4016396999359
random,31,pod,linear,9,3,"(32, 32, 32)","(8, 16)",3,16,2,tanh,0.3,4.294535159339605e-06,0.05,0.009099345621388803,30.0,1,0.3,24,random,333,324,0.6359589192599947,0.6846923432866748,0.5687368062519969,nan,nan,737,537,1,25.95806574821472
random,32,ae,linear,27,4,"(32, 32, 32)","(8,)",3,32,1,relu,0.1,0.0031991618939235934,0.1,0.0008006645635300113,30.0,1,0.3,34,random,1323,1296,0.6284263514725834,0.6771861245935838,0.5780127041836889,nan,nan,366,211,1,260.0950195789337
random,33,ae,mlp,33,4,"(16,)","(16,)",15,32,1,relu,0.5,1.8021288919992886,0.0,0.007239558119404445,30.0,1,1.0,37,random,1345,1296,1.0323158436569333,1.0479873211672563,0.3077229801590978,nan,nan,201,1,1,286.55328464508057
random,34,ae,gru,8,36,"(32, 32)","(16,)",15,16,1,relu,0.2,3.0609503844440706e-06,0.0,0.01657769509912531,30.0,1,1.0,71,random,1576,1472,0.591090507591704,0.6414227950108274,0.6070086682825627,nan,nan,202,2,1,189.77577543258667
random,35,ae,gru,19,7,"(16, 16)","(16, 32)",3,16,1,relu,0.5,0.00040833037971982,0.0,0.0007656525549322364,30.0,1,0.01,1,random,1763,1648,0.6052537494853256,0.6510593013935874,0.6040140684889641,nan,nan,253,55,1,229.5683376789093
random,36,ae,mlp,8,4,"(64,)","(32, 64)",9,128,1,relu,0.3,1.8062048421164316,0.05,0.0018653536695695586,30.0,1,0.01,78,random,3656,3584,1.0897640511905629,1.1109711883379003,4.2132248532130825e-05,nan,nan,211,34,1,13.257866859436035
random,37,pod,mlp,3,5,"(32, 32, 32)","(16, 32)",3,64,2,tanh,0.0,0.0005325481883806129,0.05,0.006413420969582628,30.0,1,0.1,11,random,4163,4064,0.6711514031074626,0.738972259310608,0.5327921396688449,nan,nan,276,76,1,15.975135564804077
random,38,pod,gru,9,5,"(8,)","(4,)",5,32,1,gelu,0.0,0.31823300657964293,0.05,0.007954177723069087,30.0,1,0.01,65,random,4713,4512,0.9999891541902185,1.0072657682383368,0.10808872524623274,nan,nan,201,1,1,13.301406383514404
random,39,ae,mlp,3,24,"(16, 16)","(8, 16)",3,8,2,gelu,0.5,0.8483257334616117,0.25,0.006572559830277786,30.0,1,0.3,28,random,4947,4912,1.0197930515850195,1.0238289759667953,-2.2595491655039684e-17,nan,nan,211,11,1,139.42097234725952
random,40,ae,linear,105,4,"(64, 64)","(8, 16)",9,8,2,gelu,0.5,7.39268193261667e-06,0.05,0.0003707623413605288,30.0,1,0.0,22,random,5145,5040,0.6298317223668456,0.6827381478617194,0.5793671267860248,nan,nan,544,344,1,433.54245114326477
random,41,pod,mlp,75,9,"(32, 32, 32)","(8, 16)",5,128,2,tanh,0.5,0.0013611280739730628,0.25,0.011268265763321007,30.0,1,0.01,57,random,8075,7904,0.8255927760055857,0.8424612958300858,0.5333436708518856,nan,nan,333,133,1,21.708576440811157
random,42,pod,cnn,69,20,"(128, 128)","(8,)",5,128,2,relu,0.3,0.07541677617184547,0.1,0.0005928779878046489,30.0,1,1.0,4,random,11597,11520,0.9996543777058714,1.0071059559241098,0.03229511732040832,nan,nan,202,3,1,14.76181697845459
random,43,ae,linear,15,66,"(128, 128)","(16,)",9,32,2,tanh,0.2,0.8975288827471305,0.25,0.01351362657602009,30.0,1,1.0,7,random,11895,11880,0.6618975707768388,0.7271721200885269,0.5894399392726329,nan,nan,312,112,1,233.0044505596161
random,44,ae,cnn,10,6,"(16,)","(32, 64)",5,16,2,gelu,0.3,0.08720235933287156,0.5,0.007869539626236495,30.0,1,0.3,46,random,16106,16000,0.6363338212349643,0.6828645699014937,0.5730203516550169,nan,nan,279,79,1,210.37611603736877
random,45,ae,cnn,60,77,"(8,)","(4,)",9,128,2,gelu,0.5,8.091695218451152e-05,0.05,0.024620072031604885,30.0,1,0.01,66,random,18976,18912,0.6109309101848013,0.7188804669258051,0.5711552072487418,nan,nan,204,4,1,312.7586097717285
random,46,ae,linear,110,17,"(16, 16)","(16, 32)",3,32,2,relu,0.2,1.621381863593906e-05,0.0,0.006706563571031195,30.0,1,0.1,21,random,22550,22440,0.5590763780825739,0.6197287774646261,0.6321397714852474,nan,nan,311,138,1,511.20958280563354
random,47,ae,mlp,35,58,"(32,)","(16,)",9,64,2,gelu,0.3,7.850412882371897e-06,0.0,0.009501260373202293,30.0,1,0.3,72,random,23459,23392,0.4910952652158373,0.6541409741952549,0.6049516214766738,nan,nan,259,59,1,286.2343897819519
random,48,pod,linear,62,46,"(64,)","(8,)",9,16,1,tanh,0.5,5.139690772236369e-06,0.1,0.003663831891085126,30.0,1,0.3,73,random,34286,34224,0.5456962573554031,0.6297970484485671,0.6136745740693725,nan,nan,491,291,1,21.004842042922974
random,49,ae,mlp,20,18,"(128, 128)","(16,)",5,32,2,relu,0.2,0.0009269084846400353,0.5,0.014192669784394193,30.0,1,0.0,30,random,46868,46592,0.5477824218598469,0.6360366008237871,0.6124793970142647,nan,nan,280,80,1,244.42806911468506
random,50,pod,cnn,87,58,"(8,)","(32, 64)",5,128,1,relu,0.2,1.7524191437603989e-06,0.1,0.0004808436415118572,30.0,1,0.1,61,random,335287,335104,0.5470790568280036,0.6521026815891737,0.596877362325326,nan,nan,223,23,1,16.970215559005737
random,51,ae,linear,2,3,"(32,)","(32, 64)",5,64,2,gelu,0.0,0.07792229340942096,0.05,0.0004054330844694841,40.0,1,0.0,29,random,74,72,0.6747214422903777,0.7190461900342097,0.5486002481298881,nan,nan,332,132,1,121.12737345695496
random,52,ae,gru,3,7,"(128, 128)","(16, 32)",15,8,2,tanh,0.0,0.42171833970844796,0.0,0.0013950383094922974,40.0,1,0.01,70,random,987,984,1.1717920026092532,1.177215962166767,1.9330840735909727e-17,nan,nan,257,57,1,193.43576765060425
random,53,ae,gru,4,22,"(64,)","(4,)",9,8,2,tanh,0.3,0.05071547187757596,0.5,0.01633794561167035,40.0,1,0.0,41,random,996,992,0.6670396787128126,0.692210235836327,0.5671144660421745,nan,nan,204,4,1,132.92517352104187
random,54,ae,mlp,2,4,"(32,)","(16, 32)",5,8,2,tanh,0.5,0.06801206754625691,0.05,0.0015676204238282954,40.0,1,0.0,50,random,1634,1600,0.6736035428288374,0.7172202646203514,0.5543941714382473,nan,nan,239,39,1,10.472655057907104
random,55,ae,gru,9,25,"(32, 32)","(16,)",5,16,2,relu,0.0,0.0015737032496827938,0.0,0.026321951320687598,40.0,1,0.01,17,random,3225,2832,0.6291262953985286,0.6800541000005285,0.578993140750859,nan,nan,202,2,1,206.68045377731323
random,56,pod,cnn,6,40,"(128, 128)","(8,)",15,128,1,tanh,0.3,1.1628762806258743e-05,0.5,0.0016881663827622542,40.0,1,0.01,8,random,3374,3360,0.6130864309021118,0.6699028242295686,0.5821074712803004,nan,nan,307,107,1,16.672885179519653
random,57,pod,linear,20,19,"(16, 16)","(4,)",5,64,1,relu,0.3,0.8762755511224585,0.1,0.015450617583530498,40.0,1,0.01,44,random,4580,4560,0.9989886456303543,1.0056593135127059,0.3506143575898216,nan,nan,210,10,1,12.304438829421997
random,58,ae,mlp,102,48,"(8,)","(32, 64)",5,8,2,relu,0.3,0.009468306850758496,0.05,0.0009496437669276554,40.0,1,0.0,38,random,5534,5424,0.6341734001786425,0.6830707184889468,0.5748389375650668,nan,nan,277,77,1,506.85712003707886
random,59,pod,mlp,79,7,"(32, 32)","(4,)",9,128,2,tanh,0.1,1.73238641589614,0.0,0.009635008252640239,40.0,1,0.01,26,random,6383,6240,0.9999988989028368,1.0065594958084807,0.016473572059129936,nan,nan,201,1,1,15.366511821746826
random,60,ae,gru,97,11,"(32, 32, 32)","(16, 32)",15,32,1,tanh,0.0,1.3405206998819599,0.25,0.01218251673192494,40.0,1,0.01,68,random,7617,7328,1.0231314453485845,1.0313291823524713,0.14402034140559047,nan,nan,201,1,1,493.49179220199585
random,61,pod,cnn,12,10,"(16, 16)","(16, 32)",5,16,1,relu,0.2,0.000342903268544646,0.05,0.003497627904432678,40.0,1,0.0,42,random,7420,7360,0.6024409540263729,0.6581260221879865,0.590636466269239,nan,nan,240,40,1,13.097090244293213
random,62,pod,cnn,10,44,"(32, 32)","(8, 16)",5,128,1,gelu,0.0,7.293250495245034e-05,0.25,0.011031693588764584,40.0,1,0.01,20,random,8194,8160,0.6167841301806483,0.6760893594973256,0.5766887544304504,nan,nan,204,4,1,14.402870178222656
random,63,pod,cnn,75,6,"(16,)","(8, 16)",5,128,1,tanh,0.1,3.4243652488341275e-05,0.5,0.012004594053749778,40.0,1,0.3,75,random,8419,8320,0.6217496393035065,0.6966476906381386,0.5570354106484715,nan,nan,269,69,1,16.887316942214966
random,64,pod,mlp,29,9,"(64, 64)","(32, 64)",15,32,2,tanh,0.0,0.0010539170793908577,0.5,0.0010557347580784863,40.0,1,0.01,39,random,13021,12864,0.7505238768780877,0.7723232523958996,0.5457458564927835,nan,nan,390,190,1,20.534802675247192
random,65,ae,gru,85,33,"(32,)","(16, 32)",15,64,2,relu,0.2,0.0017826205352206572,0.25,0.0008491731514572979,40.0,1,0.0,54,random,45461,34624,0.6282243126824912,0.6872375937384695,0.589761149612868,nan,nan,227,27,1,430.32213616371155
random,66,ae,gru,6,23,"(64,)","(16, 32)",9,128,2,gelu,0.2,4.289295409334208e-06,0.5,0.0016979833583264734,40.0,1,0.1,47,random,154374,108288,0.6184473864672916,0.6707526733887387,0.5842964232401193,nan,nan,204,4,1,166.79421854019165
random,67,ae,linear,15,5,"(32,)","(4,)",15,32,1,gelu,0.5,0.09537354074698974,0.05,0.0033758279225162683,60.0,1,0.0,14,random,915,900,0.7087497854731429,0.7554663901075688,0.5128016806042652,nan,nan,236,36,1,247.1154923439026
random,68,pod,linear,2,41,"(64,)","(32, 64)",15,16,1,tanh,0.0,3.436255344516465e-06,0.05,0.005978428040921734,60.0,1,0.01,60,random,986,984,0.6815508512945676,0.7156280083313735,0.5397402246936375,nan,nan,376,176,1,16.870699167251587
random,69,ae,mlp,79,5,"(8,)","(8, 16)",15,64,1,gelu,0.3,7.547201996533355e-06,0.5,0.01150062424098669,60.0,1,0.3,49,random,1199,1112,0.7015320825161694,0.7425031539936697,0.5222128032820537,nan,nan,244,56,1,450.87387585639954
random,70,ae,linear,19,12,"(32, 32, 32)","(32, 64)",5,128,1,gelu,0.1,0.2973836086211942,0.25,0.02262689240349113,60.0,1,0.0,23,random,2755,2736,0.7149310177469635,0.7485158416803949,0.5311919622239464,nan,nan,336,154,1,251.9552309513092
random,71,pod,gru,11,6,"(32,)","(4,)",9,16,2,gelu,0.1,1.1713472913540106e-05,0.0,0.0012561979964911278,60.0,1,0.1,48,random,3259,2864,0.6758848377426484,0.7595616518196838,0.49647924468146726,nan,nan,731,531,1,42.76173806190491
random,72,pod,linear,90,4,"(32,)","(16, 32)",5,16,2,relu,0.2,0.9944482547814961,0.1,0.0003028551344375549,60.0,1,0.0,45,random,4410,4320,0.9998457200559265,1.0056995845802184,0.17504669195888953,nan,nan,257,254,1,12.230326652526855
random,73,pod,mlp,75,3,"(64,)","(16,)",3,32,1,relu,0.0,0.0017024219732546695,0.1,0.0020161031122511936,60.0,1,0.3,52,random,7243,7104,0.7897012951383707,0.8318558550590591,0.438429423991119,nan,nan,282,82,1,16.712802410125732
random,74,pod,mlp,40,41,"(16,)","(4,)",15,128,1,gelu,0.1,0.2655689826285428,0.0,0.026358987764738336,60.0,1,1.0,79,random,8568,8512,1.0000044680832147,1.0058425682451713,-0.009439660005429494,nan,nan,201,1,1,13.460784435272217
random,75,ae,mlp,2,25,"(32,)","(16, 32)",5,128,2,tanh,0.2,0.013836519855446707,0.05,0.012224494824515332,60.0,1,1.0,6,random,9698,9664,0.651661191176233,0.6896722613944052,0.5659922340469834,nan,nan,272,72,1,122.92032933235168
random,76,pod,gru,127,13,"(128, 128)","(8,)",3,32,2,relu,0.5,0.002495978551107415,0.0,0.011895772137817263,60.0,1,1.0,64,random,14943,12512,0.8764632554069537,0.8859993487384475,0.5076332889132048,nan,nan,305,105,1,24.06320881843567
random,77,ae,mlp,82,69,"(16,)","(4,)",9,8,1,tanh,0.5,0.1335454277826534,0.5,0.001781653361746491,60.0,1,1.0,77,random,14658,14560,0.7227884189648613,0.7605326203147391,0.5214250575274727,nan,nan,276,76,1,508.8731288909912
random,78,pod,gru,12,2,"(32, 32, 32)","(8,)",3,64,2,tanh,0.2,7.070525785555294e-05,0.0,0.00496235703352511,60.0,1,1.0,62,random,40716,29952,0.6594024728432489,0.7727349859510344,0.4850493753240116,nan,nan,260,60,1,18.77450966835022
