stage,model,latent,branch,r_field,r_sensor,r_sensor_used,ridge,n_delays,channels,seed,n_params,nmse_train,nmse_test,nmse_latent,cos_test,energy_test,floor_test,sensor_noise,nmse_fullband,epochs_run,train_loss,val_loss,stopped_early,n_fit,fit_seconds,n_train,n_test,run,tag
A,podlse,pod,closed-form,4,,300,0.0001,25,all,0,1200,0.6034948379378771,0.6691621140061336,0.2611429618773186,0.5796898694147465,0.5908220523812103,0.5511609363540422,0.0,0.7604767930684171,0,nan,nan,0,4365,8.601552724838257,4365,1521,4p5d_10ms_yaw_0_0_0,band40
A,epod,pod,closed-form,4,,300,0.0001,25,all,0,9444600,0.5394635875900408,0.6792370765741997,nan,0.5752989416721459,0.644870744146994,0.5511641735286766,0.0,0.7666791566417435,0,nan,nan,0,4365,10.940634489059448,4365,1521,4p5d_10ms_yaw_0_0_0,band40
A,branched,pod,linear,4,,-1,0.0001,25,all,0,1204,0.6242281955771098,0.6851020799753621,0.2964136152117267,0.566126676701788,0.5667231860224868,0.5511641735286766,0.0,0.7720458847934349,558,0.23756345348669491,0.2620336711406708,1,3492,49.68513226509094,4365,1521,4p5d_10ms_yaw_0_0_0,band40
A,branched,pod,mlp,4,,-1,0.0001,25,all,0,55556,0.6052295105414162,0.7156601179732677,0.3640406131022895,0.5368029894198292,0.5569681749722543,0.5511641735286766,0.0,0.7942826563746375,225,0.062196182212947024,0.3585556745529175,1,3492,14.38296103477478,4365,1521,4p5d_10ms_yaw_0_0_0,band40
A,branched,pod,cnn,4,,-1,0.0001,25,all,0,18660,0.6284290769939223,0.712473622377406,0.35698868355909047,0.540404427433021,0.5592110465702881,0.5511641735286766,0.0,0.7919766072721973,209,0.09231951709875126,0.34024208784103394,1,3492,17.06785225868225,4365,1521,4p5d_10ms_yaw_0_0_0,band40
A,branched,pod,gru,4,,-1,0.0001,25,all,0,15236,0.6324293840275957,0.7200822829112563,0.37382716219138956,0.5333542404563862,0.533512601238421,0.5511641735286766,0.0,0.7976526657872997,245,0.1402079019554702,0.4093925356864929,1,3492,18.031542539596558,4365,1521,4p5d_10ms_yaw_0_0_0,band40
A,branched,ae,linear,4,,-1,0.0001,25,all,0,1204,0.6058607902796901,0.6662711968474024,0.40315687098220104,0.5808218132388608,0.5801711752614779,0.5595093078255724,0.0,0.756909334909162,315,0.24098318246836514,0.2937847077846527,1,3492,29.395400762557983,4365,1521,4p5d_10ms_yaw_0_0_0,band40
A,branched,ae,mlp,4,,-1,0.0001,25,all,0,55556,0.6072514468142568,0.6904880022462584,0.432203223241254,0.5620117636378128,0.6143952705291529,0.5595093078255724,0.0,0.7747191413476703,205,0.02746697505434627,0.40782421827316284,1,3492,14.523689985275269,4365,1521,4p5d_10ms_yaw_0_0_0,band40
A,branched,ae,cnn,4,,-1,0.0001,25,all,0,18660,0.590223657715519,0.6945735465316977,0.45197203814357173,0.5619299470047755,0.6455493077999922,0.5595093078255724,0.0,0.7774494168978365,210,0.07089879558360863,0.45217612385749817,1,3492,15.6441011428833,4365,1521,4p5d_10ms_yaw_0_0_0,band40
A,branched,ae,gru,4,,-1,0.0001,25,all,0,15236,0.6080281764209721,0.6939720349245814,0.4240200612716168,0.563251332690231,0.6510037923267198,0.5595093078255724,0.0,0.7770241581610577,206,0.05722446451635705,0.45315706729888916,1,3492,16.611550331115723,4365,1521,4p5d_10ms_yaw_0_0_0,band40
A,podlse,pod,closed-form,8,,300,0.0001,25,all,0,2400,0.5815629147134929,0.6597394116607249,0.3706692382975788,0.5880576380608369,0.6098043347914943,0.45777953378688,0.0,0.7534195488817955,0,nan,nan,0,4365,8.511695623397827,4365,1521,4p5d_10ms_yaw_0_0_0,band40
A,epod,pod,closed-form,8,,300,0.0001,25,all,0,9444600,0.5394635875900408,0.6792370765741997,nan,0.5752989416721459,0.644870744146994,0.4577799507419236,0.0,0.7666791566417435,0,nan,nan,0,4365,8.037461042404175,4365,1521,4p5d_10ms_yaw_0_0_0,band40
A,branched,pod,linear,8,,-1,0.0001,25,all,0,2408,0.6094555735969271,0.6768847259908352,0.40213655084179556,0.573307613068446,0.5779865857221235,0.4577799507419236,0.0,0.7660618762298186,558,0.31980658372926,0.35076698660850525,1,3492,19.08394503593445,4365,1521,4p5d_10ms_yaw_0_0_0,band40
A,branched,pod,mlp,8,,-1,0.0001,25,all,0,56072,0.5958840471555013,0.7104957832559214,0.4638250038815475,0.5419548863331319,0.5592097580521465,0.4577799507419236,0.0,0.7903982275573729,225,0.1613116533007955,0.45161575078964233,1,3492,14.140477895736694,4365,1521,4p5d_10ms_yaw_0_0_0,band40
A,branched,pod,cnn,8,,-1,0.0001,25,all,0,25064,0.6165557397885449,0.7090175875752389,0.4611119798873257,0.5435560485307701,0.5634306001826712,0.4577799507419236,0.0,0.7895190913465289,209,0.15809814070371692,0.4545954465866089,1,3492,14.655436277389526,4365,1521,4p5d_10ms_yaw_0_0_0,band40
A,branched,pod,gru,8,,-1,0.0001,25,all,0,15496,0.5935180213358741,0.7361786300314418,0.5109623216619247,0.5225013818416668,0.5996378595047731,0.4577799507419236,0.0,0.8091030529284502,282,0.2280532569887985,0.4676762521266937,1,3492,18.67049241065979,4365,1521,4p5d_10ms_yaw_0_0_0,band40
A,branched,ae,linear,8,,-1,0.0001,25,all,0,2408,0.58968436171006,0.6666983070010685,0.555037500757996,0.5829865007328513,0.6242109821047791,0.47048177622810006,0.0,0.7567954648823814,312,0.3284394227284063,0.3770589530467987,1,3492,30.48138999938965,4365,1521,4p5d_10ms_yaw_0_0_0,band40
A,branched,ae,mlp,8,,-1,0.0001,25,all,0,56072,0.5680033986524032,0.6977540851297889,0.6132182495990737,0.5603595178637625,0.6416030047434987,0.47048177622810006,0.0,0.7795672736775716,209,0.0627471321739282,0.570777416229248,1,3492,14.615383386611938,4365,1521,4p5d_10ms_yaw_0_0_0,band40
A,branched,ae,cnn,8,,-1,0.0001,25,all,0,25064,0.6184073243008827,0.696563978482034,0.607918056000651,0.5581972641964819,0.5880760121316428,0.47048177622810006,0.0,0.778790921305947,204,0.15882368431877844,0.5557084679603577,1,3492,15.421442031860352,4365,1521,4p5d_10ms_yaw_0_0_0,band40
A,branched,ae,gru,8,,-1,0.0001,25,all,0,15496,0.6229457219553297,0.6935673467032142,0.5829216229275522,0.5620712845037246,0.6050312736941885,0.47048177622810006,0.0,0.7767935247898784,203,0.09899387190295522,0.6120929718017578,1,3492,16.48182725906372,4365,1521,4p5d_10ms_yaw_0_0_0,band40
A,podlse,pod,closed-form,16,,300,0.0001,25,all,0,4800,0.5672516218826334,0.6587256267066254,0.45253514630816494,0.5893919918300718,0.6216804373241104,0.3746424771064552,0.0,0.7522623457910665,0,nan,nan,0,4365,8.731447458267212,4365,1521,4p5d_10ms_yaw_0_0_0,band40
A,epod,pod,closed-form,16,,300,0.0001,25,all,0,9444600,0.5394635875900408,0.6792370765741997,nan,0.5752989416721459,0.644870744146994,0.37467643887292423,0.0,0.7666791566417435,0,nan,nan,0,4365,8.040079832077026,4365,1521,4p5d_10ms_yaw_0_0_0,band40
A,branched,pod,linear,16,,-1,0.0001,25,all,0,4816,0.5999835469041024,0.6753845315188463,0.47904425081405516,0.5745794675290283,0.5867954043194669,0.37467643887292423,0.0,0.7647321971466451,558,0.3864854810778628,0.42558956146240234,1,3492,19.093693733215332,4365,1521,4p5d_10ms_yaw_0_0_0,band40
A,branched,pod,mlp,16,,-1,0.0001,25,all,0,57104,0.5842131762655244,0.7095015863836278,0.5333945639162885,0.5429439495629217,0.572645934273978,0.37467643887292423,0.0,0.7896086662368399,227,0.24047770626834442,0.483890563249588,1,3492,14.186324834823608,4365,1521,4p5d_10ms_yaw_0_0_0,band40
A,branched,pod,cnn,16,,-1,0.0001,25,all,0,37872,0.606605966795561,0.7063860290963346,0.5284313127000434,0.5458512554285282,0.5666767428413844,0.37467643887292423,0.0,0.7874459001108494,209,0.21002127907803242,0.5099462270736694,1,3492,14.779093980789185,4365,1521,4p5d_10ms_yaw_0_0_0,band40
A,branched,pod,gru,16,,-1,0.0001,25,all,0,16016,0.6163915365112841,0.7142907252406832,0.5410239210634006,0.5381766946150235,0.5484932430231222,0.37467643887292423,0.0,0.7928285121194261,248,0.3321274260884708,0.5485654473304749,1,3492,17.301398277282715,4365,1521,4p5d_10ms_yaw_0_0_0,band40
A,branched,ae,linear,16,,-1,0.0001,25,all,0,4816,0.5870831664856114,0.671929249358665,0.6219572715929956,0.5812553436876076,0.6478145340454636,0.4115791190695395,0.0,0.7603857858710588,335,0.4216151116981266,0.4722740650177002,1,3492,30.497389316558838,4365,1521,4p5d_10ms_yaw_0_0_0,band40
A,branched,ae,mlp,16,,-1,0.0001,25,all,0,57104,0.5866654275352454,0.7017087838657333,0.6462128860640518,0.5645741524756069,0.686004254467669,0.4115791190695395,0.0,0.7821607973438267,206,0.14664710663847907,0.6701128482818604,1,3492,14.783012628555298,4365,1521,4p5d_10ms_yaw_0_0_0,band40
A,branched,ae,cnn,16,,-1,0.0001,25,all,0,37872,0.5953753931452004,0.6874217846986375,0.6264099664746962,0.5711316157238608,0.6626402192987066,0.4115791190695395,0.0,0.7715995956756576,206,0.23415733609275993,0.6427474021911621,1,3492,15.875993251800537,4365,1521,4p5d_10ms_yaw_0_0_0,band40
A,branched,ae,gru,16,,-1,0.0001,25,all,0,16016,0.6120628187295115,0.6978874345269216,0.6329901320178694,0.5659199205969255,0.675767128335338,0.4115791190695395,0.0,0.7794653276043709,204,0.19361083455306968,0.6979154944419861,1,3492,16.91254758834839,4365,1521,4p5d_10ms_yaw_0_0_0,band40
A,podlse,pod,closed-form,32,,300,0.0001,25,all,0,9600,0.5593609523353554,0.6620973887404886,0.5135471303057825,0.5870872671923528,0.6281838024721808,0.30311281682962254,0.0,0.7544762777373452,0,nan,nan,0,4365,9.332383394241333,4365,1521,4p5d_10ms_yaw_0_0_0,band40
A,epod,pod,closed-form,32,,300,0.0001,25,all,0,9444600,0.5394635875900408,0.6792370765741997,nan,0.5752989416721459,0.644870744146994,0.30294803272768983,0.0,0.7666791566417435,0,nan,nan,0,4365,8.301851987838745,4365,1521,4p5d_10ms_yaw_0_0_0,band40
A,branched,pod,linear,32,,-1,0.0001,25,all,0,9632,0.595347569473526,0.6771262670436355,0.5351567716989228,0.5733036006774012,0.5917675315592376,0.30294803272768983,0.0,0.7658583292878464,558,0.43834444139694706,0.48368605971336365,1,3492,19.903900146484375,4365,1521,4p5d_10ms_yaw_0_0_0,band40
A,branched,pod,mlp,32,,-1,0.0001,25,all,0,59168,0.5707827298186507,0.7032278584917119,0.5724877603415228,0.5486647644446441,0.5840234342933321,0.30294803272768983,0.0,0.784877041321885,230,0.29308710441010377,0.5443885922431946,1,3492,14.86755084991455,4365,1521,4p5d_10ms_yaw_0_0_0,band40
A,branched,pod,cnn,32,,-1,0.0001,25,all,0,63488,0.6001720648948068,0.7055903814561504,0.5758666852675673,0.5469159644130148,0.570000510975937,0.30294803272768983,0.0,0.7866862392114498,209,0.2550636314171423,0.5568804144859314,1,3492,15.251053094863892,4365,1521,4p5d_10ms_yaw_0_0_0,band40
A,branched,pod,gru,32,,-1,0.0001,25,all,0,17056,0.6104825341487619,0.7100458878924538,0.5822390346509965,0.5421531984456358,0.5461629254489092,0.30294803272768983,0.0,0.7891739767399925,250,0.38744358098793685,0.570280134677887,1,3492,17.97924566268921,4365,1521,4p5d_10ms_yaw_0_0_0,band40
A,branched,ae,linear,32,,-1,0.0001,25,all,0,9632,0.5898736264207625,0.6826640114572826,0.7175872299789012,0.5766528614087594,0.6620966347778408,0.3786680807374702,0.0,0.7683828028074143,335,0.5251697998276281,0.5640244483947754,1,3492,31.343344926834106,4365,1521,4p5d_10ms_yaw_0_0_0,band40
A,branched,ae,mlp,32,,-1,0.0001,25,all,0,59168,0.6058350834685623,0.7008841501779826,0.7309764016061994,0.5667022236787723,0.6837632236717628,0.3786680807374702,0.0,0.7818220437628818,204,0.24276766795473,0.7331483364105225,1,3492,15.03122091293335,4365,1521,4p5d_10ms_yaw_0_0_0,band40
A,branched,ae,cnn,32,,-1,0.0001,25,all,0,63488,0.5994514476462522,0.7066903656591769,0.7475763471221076,0.557396171900976,0.6455413934493501,0.3786680807374702,0.0,0.7856634716841705,207,0.32486159541352916,0.750067412853241,1,3492,16.15997886657715,4365,1521,4p5d_10ms_yaw_0_0_0,band40
A,branched,ae,gru,32,,-1,0.0001,25,all,0,17056,0.6181053609048719,0.704851814485815,0.721122805880653,0.5642176371713631,0.6812268568832016,0.3786680807374702,0.0,0.784718410893698,204,0.28282476915526633,0.7747147083282471,1,3492,17.09003734588623,4365,1521,4p5d_10ms_yaw_0_0_0,band40
A,podlse,pod,closed-form,64,,300,0.0001,25,all,0,19200,0.5539925359781085,0.6655773913931694,0.552794581995087,0.584688590904424,0.6327855972782145,0.24976323954482957,0.0,0.7568901087210628,0,nan,nan,0,4365,10.186185121536255,4365,1521,4p5d_10ms_yaw_0_0_0,band40
A,epod,pod,closed-form,64,,300,0.0001,25,all,0,9444600,0.5394635875900408,0.6792370765741997,nan,0.5752989416721459,0.644870744146994,0.24976323954482957,0.0,0.7666791566417435,0,nan,nan,0,4365,8.436333417892456,4365,1521,4p5d_10ms_yaw_0_0_0,band40
A,branched,pod,linear,64,,-1,0.0001,25,all,0,19264,0.5921665976838829,0.6794729416711501,0.5712677024345035,0.5714755930288604,0.5954547506037967,0.24976323954482957,0.0,0.7675118826554748,558,0.47424818396158647,0.5232243537902832,1,3492,19.915343523025513,4365,1521,4p5d_10ms_yaw_0_0_0,band40
A,branched,pod,mlp,64,,-1,0.0001,25,all,0,63296,0.5635214094621248,0.7058373174612459,0.6063172168140982,0.5474123463005003,0.5961184183314061,0.24976323954482957,0.0,0.7866044508352251,232,0.3364067514600896,0.574988067150116,1,3492,14.982712984085083,4365,1521,4p5d_10ms_yaw_0_0_0,band40
A,branched,pod,cnn,64,,-1,0.0001,25,all,0,114720,0.5966597592602797,0.7063558249521038,0.6070065346990139,0.546416023166854,0.5729411499324439,0.24976323954482957,0.0,0.787200280647359,209,0.2885000019890063,0.5950701832771301,1,3492,15.32231593132019,4365,1521,4p5d_10ms_yaw_0_0_0,band40
A,branched,pod,gru,64,,-1,0.0001,25,all,0,19136,0.6130989224385596,0.7138993716856604,0.6170351297932419,0.539327175620044,0.5417678580741868,0.24976323954482957,0.0,0.7921270846377796,248,0.4320433195104304,0.6067192554473877,1,3492,17.943334341049194,4365,1521,4p5d_10ms_yaw_0_0_0,band40
A,branched,ae,linear,64,,-1,0.0001,25,all,0,19264,0.5911167585983836,0.6878283061405854,0.7524883492577632,0.5755549484082223,0.6848352060328569,0.36351751275579663,0.0,0.7722186874666328,313,0.5705493760955566,0.6109265685081482,1,3492,33.5001003742218,4365,1521,4p5d_10ms_yaw_0_0_0,band40
A,branched,ae,mlp,64,,-1,0.0001,25,all,0,63296,0.5987714718332522,0.7110794318651471,0.7641506348445791,0.5624582693224496,0.7023014628410817,0.36351751275579663,0.0,0.7894033716544392,205,0.2751702847554512,0.7897011637687683,1,3492,14.91668176651001,4365,1521,4p5d_10ms_yaw_0_0_0,band40
A,branched,ae,cnn,64,,-1,0.0001,25,all,0,114720,0.6146734636139589,0.7078222854139229,0.7655205205468221,0.5646119309816551,0.7006331276565035,0.36351751275579663,0.0,0.7868045286312381,204,0.360437199285623,0.7881314158439636,1,3492,15.879138946533203,4365,1521,4p5d_10ms_yaw_0_0_0,band40
A,branched,ae,gru,64,,-1,0.0001,25,all,0,19136,0.6200019833222744,0.706662274675417,0.753588116419126,0.5649350853064333,0.6843688901686478,0.36351751275579663,0.0,0.7862970100528566,204,0.34023519193183926,0.8242687582969666,1,3492,16.937816619873047,4365,1521,4p5d_10ms_yaw_0_0_0,band40
