stage,model,latent,branch,r_field,r_sensor,r_sensor_used,ridge,n_delays,channels,seed,n_params,nmse_train,nmse_test,nmse_latent,cos_test,energy_test,floor_test,fit_seconds,n_train,n_test,run,tag
A,podlse,pod,closed-form,4,,300,0.0001,25,all,0,1200,0.7077516239000965,0.7606470444398765,0.26768477197357193,0.4930662090483762,0.5026335315419728,0.6723556954875235,8.706966161727905,4365,1521,4p5d_10ms_yaw_0_0_0,repaired
A,epod,pod,closed-form,4,,300,0.0001,25,all,0,9444600,0.6447705350202287,0.779856768903682,nan,0.4803196015293632,0.5620968364128343,0.6723496456476914,12.700741529464722,4365,1521,4p5d_10ms_yaw_0_0_0,repaired
A,branched,pod,linear,4,,-1,0.0001,25,all,0,1204,0.7321122812513194,0.7805329865236668,0.3279867657884533,0.47281738956747427,0.46675629278225145,0.6723496456476914,42.1035361289978,4365,1521,4p5d_10ms_yaw_0_0_0,repaired
A,branched,pod,mlp,4,,-1,0.0001,25,all,0,55556,0.7126210230338009,0.7972580661192016,0.37869332300582315,0.4530620307503378,0.44918384663052924,0.6723496456476914,10.664788961410522,4365,1521,4p5d_10ms_yaw_0_0_0,repaired
A,branched,pod,cnn,4,,-1,0.0001,25,all,0,18660,0.7237858623989699,0.7959490370032943,0.37472465072622074,0.45627397438632183,0.493165352116937,0.6723496456476914,12.510330438613892,4365,1521,4p5d_10ms_yaw_0_0_0,repaired
A,branched,pod,gru,4,,-1,0.0001,25,all,0,15236,0.7568497064974211,0.814134189497191,0.4298578098942375,0.4362025705555299,0.4136700553715084,0.6723496456476914,13.99273943901062,4365,1521,4p5d_10ms_yaw_0_0_0,repaired
A,branched,ae,linear,4,,-1,0.0001,25,all,0,1204,0.7069105570855873,0.7589788198981016,0.4249987666928362,0.49420606097664976,0.5091663264928885,0.6748234619928721,28.97624111175537,4365,1521,4p5d_10ms_yaw_0_0_0,repaired
A,branched,ae,mlp,4,,-1,0.0001,25,all,0,55556,0.7033947998322121,0.770343339549399,0.4570007677146017,0.4839641489321958,0.5214778565254463,0.6748234619928721,9.8447585105896,4365,1521,4p5d_10ms_yaw_0_0_0,repaired
A,branched,ae,cnn,4,,-1,0.0001,25,all,0,18660,0.7063605568626585,0.7715292682358987,0.45472005158959494,0.48351359856110177,0.5262067684216435,0.6748234619928721,10.068364143371582,4365,1521,4p5d_10ms_yaw_0_0_0,repaired
A,branched,ae,gru,4,,-1,0.0001,25,all,0,15236,0.7093541111435955,0.772954003203544,0.44031202889695925,0.48291992553519486,0.5396626725952414,0.6748234619928721,10.519571304321289,4365,1521,4p5d_10ms_yaw_0_0_0,repaired
A,podlse,pod,closed-form,8,,300,0.0001,25,all,0,2400,0.6910972366180629,0.7535976505211077,0.37948535846283393,0.500419756445684,0.5191377014481443,0.6017459337127296,8.44559121131897,4365,1521,4p5d_10ms_yaw_0_0_0,repaired
A,epod,pod,closed-form,8,,300,0.0001,25,all,0,9444600,0.6447705350202287,0.779856768903682,nan,0.4803196015293632,0.5620968364128343,0.6017111009473041,7.999300718307495,4365,1521,4p5d_10ms_yaw_0_0_0,repaired
A,branched,pod,linear,8,,-1,0.0001,25,all,0,2408,0.723454280651299,0.7760611880378158,0.43566800182016957,0.47744626374774995,0.47331188056374557,0.6017111009473041,16.346980094909668,4365,1521,4p5d_10ms_yaw_0_0_0,repaired
A,branched,pod,mlp,8,,-1,0.0001,25,all,0,56072,0.70642158714747,0.7915576457648075,0.4743907285240814,0.45927685317679745,0.451144849535516,0.6017111009473041,10.682859182357788,4365,1521,4p5d_10ms_yaw_0_0_0,repaired
A,branched,pod,cnn,8,,-1,0.0001,25,all,0,25064,0.7156524324611157,0.7933781350676852,0.4789397881210976,0.4591676204601468,0.4983656308760236,0.6017111009473041,9.95073652267456,4365,1521,4p5d_10ms_yaw_0_0_0,repaired
A,branched,pod,gru,8,,-1,0.0001,25,all,0,15496,0.7269486337961881,0.8053166741826387,0.5087719468980738,0.44527229028988785,0.461572647785247,0.6017111009473041,14.544077396392822,4365,1521,4p5d_10ms_yaw_0_0_0,repaired
A,branched,ae,linear,8,,-1,0.0001,25,all,0,2408,0.6956493108463304,0.7586033792597255,0.5300373678503788,0.4962662255500985,0.5366859759534796,0.6071768617303561,27.309285640716553,4365,1521,4p5d_10ms_yaw_0_0_0,repaired
A,branched,ae,mlp,8,,-1,0.0001,25,all,0,56072,0.6957455992513892,0.7703951808562179,0.5458264974705228,0.48519523924237806,0.5354885501832105,0.6071768617303561,10.031595468521118,4365,1521,4p5d_10ms_yaw_0_0_0,repaired
A,branched,ae,cnn,8,,-1,0.0001,25,all,0,25064,0.6891833613700012,0.7741180272194498,0.5545602025455725,0.48411448685090935,0.5538292377241006,0.6071768617303561,10.47903299331665,4365,1521,4p5d_10ms_yaw_0_0_0,repaired
A,branched,ae,gru,8,,-1,0.0001,25,all,0,15496,0.7117468725599695,0.7788873386206826,0.5419139403925421,0.4818164059165677,0.5633329345108975,0.6071768617303561,10.947320699691772,4365,1521,4p5d_10ms_yaw_0_0_0,repaired
A,podlse,pod,closed-form,16,,300,0.0001,25,all,0,4800,0.679737996830958,0.7526320707824911,0.4714860435390074,0.5018100398547337,0.5298908576004556,0.530397236226799,9.001708030700684,4365,1521,4p5d_10ms_yaw_0_0_0,repaired
A,epod,pod,closed-form,16,,300,0.0001,25,all,0,9444600,0.6447705350202287,0.779856768903682,nan,0.4803196015293632,0.5620968364128343,0.5304652416362131,8.009333610534668,4365,1521,4p5d_10ms_yaw_0_0_0,repaired
A,branched,pod,linear,16,,-1,0.0001,25,all,0,4816,0.7166072333531697,0.7740761209399324,0.5169166900578541,0.47939496385903313,0.4798936386187214,0.5304652416362131,16.33551597595215,4365,1521,4p5d_10ms_yaw_0_0_0,repaired
A,branched,pod,mlp,16,,-1,0.0001,25,all,0,57104,0.6904618462989558,0.7859342894506198,0.5420784777177999,0.465113170450522,0.4701918505615914,0.5304652416362131,10.803354024887085,4365,1521,4p5d_10ms_yaw_0_0_0,repaired
A,branched,pod,cnn,16,,-1,0.0001,25,all,0,37872,0.7064005793614037,0.7880757577917223,0.5466224485367972,0.46462674577703067,0.5015363002704355,0.5304652416362131,9.813852071762085,4365,1521,4p5d_10ms_yaw_0_0_0,repaired
A,branched,pod,gru,16,,-1,0.0001,25,all,0,16016,0.7171651441573661,0.8046564365112302,0.5818049066728933,0.44589738161253734,0.460321776314011,0.5304652416362131,14.558330774307251,4365,1521,4p5d_10ms_yaw_0_0_0,repaired
A,branched,ae,linear,16,,-1,0.0001,25,all,0,4816,0.6965115097007941,0.7635542368577704,0.6440584478120043,0.4936055625306822,0.5473118903413955,0.5518162123687468,27.724151134490967,4365,1521,4p5d_10ms_yaw_0_0_0,repaired
A,branched,ae,mlp,16,,-1,0.0001,25,all,0,57104,0.6952844356531713,0.7725021903424855,0.6537901544634405,0.48554892402925,0.5478511319365934,0.5518162123687468,10.431667804718018,4365,1521,4p5d_10ms_yaw_0_0_0,repaired
A,branched,ae,cnn,16,,-1,0.0001,25,all,0,37872,0.6953923492483106,0.7755621885305144,0.6586555093499336,0.4849778686225574,0.5595453342452135,0.5518162123687468,10.369163036346436,4365,1521,4p5d_10ms_yaw_0_0_0,repaired
A,branched,ae,gru,16,,-1,0.0001,25,all,0,16016,0.7140179926294845,0.7822601054499552,0.6525179581166268,0.48045395363305154,0.5692744804330948,0.5518162123687468,10.562723875045776,4365,1521,4p5d_10ms_yaw_0_0_0,repaired
A,podlse,pod,closed-form,32,,300,0.0001,25,all,0,9600,0.6725824813699284,0.7557658511927118,0.544772605869886,0.4993040383103995,0.5367988610664788,0.4616230950213562,8.97519588470459,4365,1521,4p5d_10ms_yaw_0_0_0,repaired
A,epod,pod,closed-form,32,,300,0.0001,25,all,0,9444600,0.6447705350202287,0.779856768903682,nan,0.4803196015293632,0.5620968364128343,0.46128124032498835,7.960383176803589,4365,1521,4p5d_10ms_yaw_0_0_0,repaired
A,branched,pod,linear,32,,-1,0.0001,25,all,0,9632,0.7129952749113332,0.7745636816841722,0.5798544053541814,0.4789552026581531,0.4839476705480006,0.46128124032498835,16.377660036087036,4365,1521,4p5d_10ms_yaw_0_0_0,repaired
A,branched,pod,mlp,32,,-1,0.0001,25,all,0,59168,0.6902958491503915,0.7885620015350638,0.6057638926458426,0.4623485752468888,0.4710718761386624,0.46128124032498835,10.936385869979858,4365,1521,4p5d_10ms_yaw_0_0_0,repaired
A,branched,pod,cnn,32,,-1,0.0001,25,all,0,63488,0.7007019670858378,0.7861926562292869,0.6013784719136772,0.4667064434955146,0.5035414589158063,0.46128124032498835,10.135141611099243,4365,1521,4p5d_10ms_yaw_0_0_0,repaired
A,branched,pod,gru,32,,-1,0.0001,25,all,0,17056,0.7254074485312635,0.8065042267745236,0.63897315359842,0.4435857186392887,0.446352765367519,0.46128124032498835,14.290226697921753,4365,1521,4p5d_10ms_yaw_0_0_0,repaired
A,branched,ae,linear,32,,-1,0.0001,25,all,0,9632,0.6949968507531171,0.7673063083787736,0.7249957386068259,0.49190883588366574,0.5649271649090457,0.5044656023458448,29.751606464385986,4365,1521,4p5d_10ms_yaw_0_0_0,repaired
A,branched,ae,mlp,32,,-1,0.0001,25,all,0,59168,0.6897886679435699,0.7783535301216243,0.7289591734683324,0.48612124703586007,0.5917507595328861,0.5044656023458448,10.147488594055176,4365,1521,4p5d_10ms_yaw_0_0_0,repaired
A,branched,ae,cnn,32,,-1,0.0001,25,all,0,63488,0.7033099517289753,0.7782596324378488,0.7411413909170321,0.48232805025351294,0.5558771875556622,0.5044656023458448,10.250340461730957,4365,1521,4p5d_10ms_yaw_0_0_0,repaired
A,branched,ae,gru,32,,-1,0.0001,25,all,0,17056,0.7162408842436079,0.7808995185464066,0.7237558472834948,0.48254560458882034,0.5785476716171379,0.5044656023458448,10.5924711227417,4365,1521,4p5d_10ms_yaw_0_0_0,repaired
A,podlse,pod,closed-form,64,,300,0.0001,25,all,0,19200,0.6671400214324059,0.7591388299912847,0.5994038892691241,0.4965671963129756,0.5419128942222968,0.39655234855889326,10.015269756317139,4365,1521,4p5d_10ms_yaw_0_0_0,repaired
A,epod,pod,closed-form,64,,300,0.0001,25,all,0,9444600,0.6447705350202287,0.779856768903682,nan,0.4803196015293632,0.5620968364128343,0.39596951628920496,8.184334516525269,4365,1521,4p5d_10ms_yaw_0_0_0,repaired
A,branched,pod,linear,64,,-1,0.0001,25,all,0,19264,0.7105115362665906,0.7761981324424255,0.6279652170364625,0.47731679443069824,0.48698130690145586,0.39596951628920496,16.804119110107422,4365,1521,4p5d_10ms_yaw_0_0_0,repaired
A,branched,pod,mlp,64,,-1,0.0001,25,all,0,63296,0.6806038181999624,0.7877210071348725,0.6469957797025047,0.46378808592242987,0.4862494811539368,0.39596951628920496,11.32295536994934,4365,1521,4p5d_10ms_yaw_0_0_0,repaired
A,branched,pod,cnn,64,,-1,0.0001,25,all,0,114720,0.6977408689920572,0.7873949364820533,0.6464572588769594,0.4657330247397902,0.5064525430946428,0.39596951628920496,9.948214530944824,4365,1521,4p5d_10ms_yaw_0_0_0,repaired
A,branched,pod,gru,64,,-1,0.0001,25,all,0,19136,0.7005843543976914,0.8019678734685802,0.6705251410636998,0.45110205474086246,0.49334646832412893,0.39596951628920496,15.562316417694092,4365,1521,4p5d_10ms_yaw_0_0_0,repaired
A,branched,ae,linear,64,,-1,0.0001,25,all,0,19264,0.6965642093207774,0.7754896300401074,0.8139729772262935,0.4890425848583573,0.5843061858394841,0.46797302272275026,37.709222078323364,4365,1521,4p5d_10ms_yaw_0_0_0,repaired
A,branched,ae,mlp,64,,-1,0.0001,25,all,0,63296,0.6997347569772262,0.7827467026466601,0.8071660841988625,0.4858965724556215,0.6028175828283672,0.46797302272275026,10.351699590682983,4365,1521,4p5d_10ms_yaw_0_0_0,repaired
A,branched,ae,cnn,64,,-1,0.0001,25,all,0,114720,0.6987285332863901,0.7833293367108762,0.8236741292324659,0.4803488421078528,0.5652241415214547,0.46797302272275026,10.23227858543396,4365,1521,4p5d_10ms_yaw_0_0_0,repaired
A,branched,ae,gru,64,,-1,0.0001,25,all,0,19136,0.7211065044012817,0.791015459726744,0.8026437610295769,0.4831448106510253,0.6210875663969352,0.46797302272275026,10.489410638809204,4365,1521,4p5d_10ms_yaw_0_0_0,repaired
A,podlse,pod,closed-form,128,,300,0.0001,25,all,0,38400,0.6624096701403245,0.7629739148135591,0.6401263258992841,0.49352788526438174,0.5462558488207941,0.33900196263770743,11.236114740371704,4365,1521,4p5d_10ms_yaw_0_0_0,repaired
A,epod,pod,closed-form,128,,300,0.0001,25,all,0,9444600,0.6447705350202287,0.779856768903682,nan,0.4803196015293632,0.5620968364128343,0.33900196263770743,7.8368377685546875,4365,1521,4p5d_10ms_yaw_0_0_0,repaired
A,branched,pod,linear,128,,-1,0.0001,25,all,0,38528,0.7084928267020277,0.7783586690820004,0.6633547167732067,0.475263434355526,0.48987176301643987,0.33900196263770743,16.484043836593628,4365,1521,4p5d_10ms_yaw_0_0_0,repaired
A,branched,pod,mlp,128,,-1,0.0001,25,all,0,71552,0.6831359256457722,0.7853620684875924,0.6739286717419248,0.4658644440112761,0.47727209812460614,0.33900196263770743,11.307242631912231,4365,1521,4p5d_10ms_yaw_0_0_0,repaired
A,branched,pod,cnn,128,,-1,0.0001,25,all,0,217184,0.694552625097088,0.7882563570707077,0.6782985606161619,0.4651582511851581,0.5091691445468469,0.33900196263770743,10.193870544433594,4365,1521,4p5d_10ms_yaw_0_0_0,repaired
A,branched,pod,gru,128,,-1,0.0001,25,all,0,23296,0.691772338911634,0.8012728744331704,0.697951312154267,0.4526738948333268,0.5125423450464862,0.33900196263770743,16.761690139770508,4365,1521,4p5d_10ms_yaw_0_0_0,repaired
A,branched,ae,linear,128,,-1,0.0001,25,all,0,38528,0.7047992638793094,0.7875686383098811,0.8364390072664528,0.4865604553549421,0.6264067349284144,0.45962733639777986,44.95315384864807,4365,1521,4p5d_10ms_yaw_0_0_0,repaired
A,branched,ae,mlp,128,,-1,0.0001,25,all,0,71552,0.7125767996093814,0.7890890991251931,0.8221861024286732,0.48783040904988884,0.6353984228556707,0.45962733639777986,9.875490665435791,4365,1521,4p5d_10ms_yaw_0_0_0,repaired
A,branched,ae,cnn,128,,-1,0.0001,25,all,0,217184,0.7285018112252819,0.7990410400599336,0.8399787719609436,0.47711117520348667,0.6240146650388515,0.45962733639777986,10.055591821670532,4365,1521,4p5d_10ms_yaw_0_0_0,repaired
A,branched,ae,gru,128,,-1,0.0001,25,all,0,23296,0.7350006770958035,0.8097522696458681,0.8254036974141984,0.4801891049916808,0.6686199566757648,0.45962733639777986,10.471674919128418,4365,1521,4p5d_10ms_yaw_0_0_0,repaired
B,podlse,pod,closed-form,64,,12,0.0001,1,all,0,768,0.8411699482864314,0.8851283081468986,0.8076813267376353,0.34712026790259726,0.3882382723653319,0.39655234855889326,9.787797451019287,4365,1521,4p5d_10ms_yaw_0_0_0,repaired
B,branched,pod,linear,64,,-1,0.0001,1,all,0,832,0.8947061713340831,0.9215410422432799,0.8680057821606437,0.2901973881193581,0.2472315817010759,0.39596951628920496,16.335103273391724,4365,1521,4p5d_10ms_yaw_0_0_0,repaired
B,branched,pod,mlp,64,,-1,0.0001,1,all,0,26432,0.848119540395916,0.8931656024614982,0.8211424256322883,0.33104631385345745,0.32372410714344757,0.39596951628920496,10.036020755767822,4365,1521,4p5d_10ms_yaw_0_0_0,repaired
B,branched,pod,cnn,64,,-1,0.0001,1,all,0,16416,0.8399985753762843,0.8920817492260564,0.8193523916808313,0.33315301655552115,0.3576784198724211,0.39596951628920496,13.086517810821533,4365,1521,4p5d_10ms_yaw_0_0_0,repaired
B,branched,pod,gru,64,,-1,0.0001,1,all,0,19136,0.8394566707891398,0.8881964967023618,0.8129357167104754,0.3397810683664677,0.3729028279418407,0.39596951628920496,14.344258546829224,4365,1521,4p5d_10ms_yaw_0_0_0,repaired
B,branched,ae,linear,64,,-1,0.0001,1,all,0,832,0.8562250290366288,0.9016364359693269,0.9085159528253297,0.3428293774077047,0.44901159011942154,0.46797302272275026,12.17883825302124,4365,1521,4p5d_10ms_yaw_0_0_0,repaired
B,branched,ae,mlp,64,,-1,0.0001,1,all,0,26432,0.8480955965782326,0.9055769335526257,0.9038920846692399,0.34550918041755,0.4747612591576278,0.46797302272275026,10.061956644058228,4365,1521,4p5d_10ms_yaw_0_0_0,repaired
B,branched,ae,cnn,64,,-1,0.0001,1,all,0,16416,0.8485923330116752,0.9034751646910368,0.9009139977636906,0.34761509009175273,0.47546442150418583,0.46797302272275026,11.516284465789795,4365,1521,4p5d_10ms_yaw_0_0_0,repaired
B,branched,ae,gru,64,,-1,0.0001,1,all,0,19136,0.8514728430992896,0.9047507129311751,0.9018472070895773,0.3457757173746468,0.4751187623520875,0.46797302272275026,10.992022275924683,4365,1521,4p5d_10ms_yaw_0_0_0,repaired
B,podlse,pod,closed-form,64,,24,0.0001,2,all,0,1536,0.7522400958080245,0.8121122728445934,0.6869760666674966,0.4396511107534647,0.47800009433074464,0.39655234855889326,9.714829683303833,4365,1521,4p5d_10ms_yaw_0_0_0,repaired
B,branched,pod,linear,64,,-1,0.0001,2,all,0,1600,0.857477124766172,0.8958530172845507,0.8255808160135769,0.32867276115756855,0.32633450962735044,0.39596951628920496,16.19778323173523,4365,1521,4p5d_10ms_yaw_0_0_0,repaired
B,branched,pod,mlp,64,,-1,0.0001,2,all,0,27968,0.734444709943179,0.8159098119019026,0.6935508998368435,0.4332429201956778,0.4687642253147509,0.39596951628920496,11.379401683807373,4365,1521,4p5d_10ms_yaw_0_0_0,repaired
B,branched,pod,cnn,64,,-1,0.0001,2,all,0,20512,0.742605458017348,0.8113679496388339,0.6860498033895723,0.4378461379707221,0.4641183773989007,0.39596951628920496,11.917184352874756,4365,1521,4p5d_10ms_yaw_0_0_0,repaired
B,branched,pod,gru,64,,-1,0.0001,2,all,0,19136,0.7326006611575849,0.8158733877108141,0.6934907435937556,0.4339954520375328,0.4749519256492907,0.39596951628920496,17.974294424057007,4365,1521,4p5d_10ms_yaw_0_0_0,repaired
B,branched,ae,linear,64,,-1,0.0001,2,all,0,1600,0.7618489635059571,0.823467261087572,0.8547557794774423,0.4377364863445499,0.5317204235338554,0.46797302272275026,13.434176921844482,4365,1521,4p5d_10ms_yaw_0_0_0,repaired
B,branched,ae,mlp,64,,-1,0.0001,2,all,0,27968,0.7465503661965316,0.8299879778113153,0.8491035877861117,0.4403053390746623,0.5749936746543725,0.46797302272275026,10.670103073120117,4365,1521,4p5d_10ms_yaw_0_0_0,repaired
B,branched,ae,cnn,64,,-1,0.0001,2,all,0,20512,0.7499031075849256,0.8249982461780005,0.8425600150894437,0.4437672283801062,0.569816401890621,0.46797302272275026,11.466013669967651,4365,1521,4p5d_10ms_yaw_0_0_0,repaired
B,branched,ae,gru,64,,-1,0.0001,2,all,0,19136,0.751568334828335,0.828066844070197,0.847269467975729,0.4395923102473785,0.5645464717873436,0.46797302272275026,11.274128913879395,4365,1521,4p5d_10ms_yaw_0_0_0,repaired
B,podlse,pod,closed-form,64,,60,0.0001,5,all,0,3840,0.7128429203457706,0.7740307339275297,0.6240221957838745,0.4802486138520685,0.5013852845744872,0.39655234855889326,9.557670831680298,4365,1521,4p5d_10ms_yaw_0_0_0,repaired
B,branched,pod,linear,64,,-1,0.0001,5,all,0,3904,0.7855313001322586,0.8354578175231635,0.7258353389113568,0.4106794784691083,0.3971215620397948,0.39596951628920496,16.03071928024292,4365,1521,4p5d_10ms_yaw_0_0_0,repaired
B,branched,pod,mlp,64,,-1,0.0001,5,all,0,32576,0.7127320797335248,0.8061357469037731,0.6774085775940444,0.4436930663923864,0.4665725303173918,0.39596951628920496,11.230163097381592,4365,1521,4p5d_10ms_yaw_0_0_0,repaired
B,branched,pod,cnn,64,,-1,0.0001,5,all,0,32800,0.7297813486233415,0.8059944691465342,0.677175250817158,0.44470184170981303,0.4804122178869188,0.39596951628920496,10.58197808265686,4365,1521,4p5d_10ms_yaw_0_0_0,repaired
B,branched,pod,gru,64,,-1,0.0001,5,all,0,19136,0.7351259318798291,0.8101501312499132,0.684038519765929,0.4387246343982221,0.44109370342088716,0.39596951628920496,14.405176639556885,4365,1521,4p5d_10ms_yaw_0_0_0,repaired
B,branched,ae,linear,64,,-1,0.0001,5,all,0,3904,0.7365038047082634,0.7991994017558635,0.8311553412483847,0.462518915489156,0.546987065713655,0.46797302272275026,13.596885204315186,4365,1521,4p5d_10ms_yaw_0_0_0,repaired
B,branched,ae,mlp,64,,-1,0.0001,5,all,0,32576,0.7181544157908658,0.807854496546998,0.8267024644118938,0.46181586071163655,0.5873310060212984,0.46797302272275026,10.619253158569336,4365,1521,4p5d_10ms_yaw_0_0_0,repaired
B,branched,ae,cnn,64,,-1,0.0001,5,all,0,32800,0.7271636463970641,0.8098071356443763,0.8254268201532972,0.46547726758297775,0.6064343429343727,0.46797302272275026,10.65534234046936,4365,1521,4p5d_10ms_yaw_0_0_0,repaired
B,branched,ae,gru,64,,-1,0.0001,5,all,0,19136,0.7342217594464203,0.8171392429706049,0.8317392353526423,0.4542355368751438,0.5874401361084279,0.46797302272275026,11.080472946166992,4365,1521,4p5d_10ms_yaw_0_0_0,repaired
B,podlse,pod,closed-form,64,,120,0.0001,10,all,0,7680,0.687768045358213,0.7562225522933678,0.5945828926687692,0.49864077899134274,0.5211830475301111,0.39655234855889326,9.630708694458008,4365,1521,4p5d_10ms_yaw_0_0_0,repaired
B,branched,pod,linear,64,,-1,0.0001,10,all,0,7744,0.7376286201809097,0.7954349542512629,0.6597357215936746,0.4569080528094913,0.44186200772853307,0.39596951628920496,16.38343620300293,4365,1521,4p5d_10ms_yaw_0_0_0,repaired
B,branched,pod,mlp,64,,-1,0.0001,10,all,0,40256,0.6946349325602114,0.7829335332234636,0.6390890442120261,0.4683060296220516,0.4714058223589093,0.39596951628920496,11.256321430206299,4365,1521,4p5d_10ms_yaw_0_0_0,repaired
B,branched,pod,cnn,64,,-1,0.0001,10,all,0,53280,0.6938378036721399,0.7899649640678188,0.6507017787845155,0.4626825443790026,0.5021807125145289,0.39596951628920496,10.900480270385742,4365,1521,4p5d_10ms_yaw_0_0_0,repaired
B,branched,pod,gru,64,,-1,0.0001,10,all,0,19136,0.7003523275977074,0.7957336177352491,0.6602289782071289,0.4571384062012003,0.4965035704158726,0.39596951628920496,16.429574489593506,4365,1521,4p5d_10ms_yaw_0_0_0,repaired
B,branched,ae,linear,64,,-1,0.0001,10,all,0,7744,0.7114012994587655,0.7742913987602141,0.8085093945958983,0.487689099527707,0.5657785139936525,0.46797302272275026,12.333115577697754,4365,1521,4p5d_10ms_yaw_0_0_0,repaired
B,branched,ae,mlp,64,,-1,0.0001,10,all,0,40256,0.7018413835041399,0.7813348425359308,0.8006023335698645,0.4877175405699689,0.601972388351654,0.46797302272275026,10.3255774974823,4365,1521,4p5d_10ms_yaw_0_0_0,repaired
B,branched,ae,cnn,64,,-1,0.0001,10,all,0,53280,0.7064107473457567,0.7838350408527909,0.8039615557892468,0.4876452543884537,0.6084453340079351,0.46797302272275026,10.423840999603271,4365,1521,4p5d_10ms_yaw_0_0_0,repaired
B,branched,ae,gru,64,,-1,0.0001,10,all,0,19136,0.715165894805661,0.7910978010907485,0.8065481933656977,0.4793538946356992,0.5990441023494696,0.46797302272275026,10.878759860992432,4365,1521,4p5d_10ms_yaw_0_0_0,repaired
B,podlse,pod,closed-form,64,,300,0.0001,25,all,0,19200,0.6671400214324059,0.7591388299912847,0.5994038892691241,0.4965671963129756,0.5419128942222968,0.39655234855889326,9.809733867645264,4365,1521,4p5d_10ms_yaw_0_0_0,repaired
B,branched,pod,linear,64,,-1,0.0001,25,all,0,19264,0.7105115362665906,0.7761981324424255,0.6279652170364625,0.47731679443069824,0.48698130690145586,0.39596951628920496,16.541457414627075,4365,1521,4p5d_10ms_yaw_0_0_0,repaired
B,branched,pod,mlp,64,,-1,0.0001,25,all,0,63296,0.6806038181999624,0.7877210071348725,0.6469957797025047,0.46378808592242987,0.4862494811539368,0.39596951628920496,11.402029752731323,4365,1521,4p5d_10ms_yaw_0_0_0,repaired
B,branched,pod,cnn,64,,-1,0.0001,25,all,0,114720,0.6977408582895888,0.7873949642978765,0.6464573048160833,0.46573296576688,0.5064522035180165,0.39596951628920496,10.192937850952148,4365,1521,4p5d_10ms_yaw_0_0_0,repaired
B,branched,pod,gru,64,,-1,0.0001,25,all,0,19136,0.7005843543976914,0.8019678734685802,0.6705251410636998,0.45110205474086246,0.49334646832412893,0.39596951628920496,15.870901584625244,4365,1521,4p5d_10ms_yaw_0_0_0,repaired
B,branched,ae,linear,64,,-1,0.0001,25,all,0,19264,0.6965642093207774,0.7754896300401074,0.8139729772262935,0.4890425848583573,0.5843061858394841,0.46797302272275026,11.915716886520386,4365,1521,4p5d_10ms_yaw_0_0_0,repaired
B,branched,ae,mlp,64,,-1,0.0001,25,all,0,63296,0.6997347569772262,0.7827467026466601,0.8071660841988625,0.4858965724556215,0.6028175828283672,0.46797302272275026,9.992609024047852,4365,1521,4p5d_10ms_yaw_0_0_0,repaired
B,branched,ae,cnn,64,,-1,0.0001,25,all,0,114720,0.698728802221659,0.783329692560626,0.8236742470474978,0.4803488005183095,0.5652256920118587,0.46797302272275026,10.277271032333374,4365,1521,4p5d_10ms_yaw_0_0_0,repaired
B,branched,ae,gru,64,,-1,0.0001,25,all,0,19136,0.7211065044012817,0.791015459726744,0.8026437610295769,0.4831448106510253,0.6210875663969352,0.46797302272275026,10.58997893333435,4365,1521,4p5d_10ms_yaw_0_0_0,repaired
B,podlse,pod,closed-form,64,,600,0.0001,50,all,0,38400,0.6440947295170064,0.7818714368272572,0.6369839250632842,0.4794187728139321,0.569086376338339,0.39655234855889326,10.172033548355103,4365,1521,4p5d_10ms_yaw_0_0_0,repaired
B,branched,pod,linear,64,,-1,0.0001,50,all,0,38464,0.702015428711291,0.784221148194271,0.6412156001319431,0.4694338249557057,0.5023662099965155,0.39596951628920496,16.802103281021118,4365,1521,4p5d_10ms_yaw_0_0_0,repaired
B,branched,pod,mlp,64,,-1,0.0001,50,all,0,101696,0.6925591304418476,0.7879480758930595,0.64737079430151,0.4630883308823448,0.46099718272425466,0.39596951628920496,11.107117176055908,4365,1521,4p5d_10ms_yaw_0_0_0,repaired
B,branched,pod,cnn,64,,-1,0.0001,50,all,0,217120,0.6823049987106095,0.7869099350003108,0.6456562564068488,0.4674068476378985,0.51537513301708,0.39596951628920496,10.270713329315186,4365,1521,4p5d_10ms_yaw_0_0_0,repaired
B,branched,pod,gru,64,,-1,0.0001,50,all,0,19136,0.7262228143325552,0.8028936845711201,0.6720541610933416,0.4488043292793646,0.45921893282199294,0.39596951628920496,14.848783254623413,4365,1521,4p5d_10ms_yaw_0_0_0,repaired
B,branched,ae,linear,64,,-1,0.0001,50,all,0,38464,0.6860461977591071,0.7886549650099449,0.8390400385017278,0.4808021486750485,0.601376301364574,0.46797302272275026,12.087243556976318,4365,1521,4p5d_10ms_yaw_0_0_0,repaired
B,branched,ae,mlp,64,,-1,0.0001,50,all,0,101696,0.711279969969581,0.7889139176683184,0.8205065513597389,0.476837260080658,0.580942006990857,0.46797302272275026,9.98235821723938,4365,1521,4p5d_10ms_yaw_0_0_0,repaired
B,branched,ae,cnn,64,,-1,0.0001,50,all,0,217120,0.7215495222705465,0.802981101580538,0.8399924683834521,0.4670141018771196,0.5898385265367975,0.46797302272275026,10.130231857299805,4365,1521,4p5d_10ms_yaw_0_0_0,repaired
B,branched,ae,gru,64,,-1,0.0001,50,all,0,19136,0.722277425099708,0.7924748667540557,0.8037240302577484,0.48256887688542294,0.6243361608550314,0.46797302272275026,10.748045206069946,4365,1521,4p5d_10ms_yaw_0_0_0,repaired
B,podlse,pod,closed-form,64,,1200,0.0001,100,all,0,76800,0.6011506291480563,0.8453370272906756,0.7419010240357888,0.4331699771445598,0.604993470371006,0.39655234855889326,11.232598066329956,4365,1521,4p5d_10ms_yaw_0_0_0,repaired
B,branched,pod,linear,64,,-1,0.0001,100,all,0,76864,0.6845901076818888,0.8018380255202231,0.6703106911469717,0.45365843159548225,0.5175630028828623,0.39596951628920496,16.89707899093628,4365,1521,4p5d_10ms_yaw_0_0_0,repaired
B,branched,pod,mlp,64,,-1,0.0001,100,all,0,178496,0.70020101150037,0.7956078945980076,0.6600213406075105,0.45565983988116404,0.4306854119414547,0.39596951628920496,10.911455631256104,4365,1521,4p5d_10ms_yaw_0_0_0,repaired
B,branched,pod,cnn,64,,-1,0.0001,100,all,0,421920,0.6986083477623735,0.8060411075059051,0.6772522762335006,0.44638773763841355,0.49089008222924396,0.39596951628920496,9.731517553329468,4365,1521,4p5d_10ms_yaw_0_0_0,repaired
B,branched,pod,gru,64,,-1,0.0001,100,all,0,19136,0.7305369085130782,0.8019109878763954,0.6704311918664931,0.4495303040882935,0.42960933149633834,0.39596951628920496,14.054026126861572,4365,1521,4p5d_10ms_yaw_0_0_0,repaired
B,branched,ae,linear,64,,-1,0.0001,100,all,0,76864,0.6700336992743564,0.8251191889331883,0.9076492515974317,0.45332633272863665,0.6137946603691825,0.46797302272275026,11.137590408325195,4365,1521,4p5d_10ms_yaw_0_0_0,repaired
B,branched,ae,mlp,64,,-1,0.0001,100,all,0,178496,0.6999639710429942,0.8050883070830932,0.8466181603745397,0.4606529561451664,0.5700803689772411,0.46797302272275026,10.105901956558228,4365,1521,4p5d_10ms_yaw_0_0_0,repaired
B,branched,ae,cnn,64,,-1,0.0001,100,all,0,421920,0.7458882077474779,0.8247853774460479,0.8713624426267945,0.44141494357572936,0.5590883382909692,0.46797302272275026,10.303510904312134,4365,1521,4p5d_10ms_yaw_0_0_0,repaired
B,branched,ae,gru,64,,-1,0.0001,100,all,0,19136,0.7221932431048383,0.7923515882364809,0.803664361559799,0.4826373456803582,0.6242634982146079,0.46797302272275026,10.953645944595337,4365,1521,4p5d_10ms_yaw_0_0_0,repaired
C,podlse,pod,closed-form,64,,300,0.0001,25,all,0,19200,0.6671400214324059,0.7591388299912847,0.5994038892691241,0.4965671963129756,0.5419128942222968,0.39655234855889326,9.97557020187378,4365,1521,4p5d_10ms_yaw_0_0_0,repaired
C,branched,pod,linear,64,,-1,0.0001,25,all,0,19264,0.7105115362665906,0.7761981324424255,0.6279652170364625,0.47731679443069824,0.48698130690145586,0.39596951628920496,16.466482877731323,4365,1521,4p5d_10ms_yaw_0_0_0,repaired
C,branched,pod,mlp,64,,-1,0.0001,25,all,0,63296,0.6806038181999624,0.7877210071348725,0.6469957797025047,0.46378808592242987,0.4862494811539368,0.39596951628920496,10.89291262626648,4365,1521,4p5d_10ms_yaw_0_0_0,repaired
C,branched,pod,cnn,64,,-1,0.0001,25,all,0,114720,0.6977408650606192,0.7873950220644937,0.6464574002203343,0.4657329347476738,0.5064524174652313,0.39596951628920496,9.732934474945068,4365,1521,4p5d_10ms_yaw_0_0_0,repaired
C,branched,pod,gru,64,,-1,0.0001,25,all,0,19136,0.7005843543976914,0.8019678734685802,0.6705251410636998,0.45110205474086246,0.49334646832412893,0.39596951628920496,15.361002206802368,4365,1521,4p5d_10ms_yaw_0_0_0,repaired
C,branched,ae,linear,64,,-1,0.0001,25,all,0,19264,0.6965642093207774,0.7754896300401074,0.8139729772262935,0.4890425848583573,0.5843061858394841,0.46797302272275026,11.690316438674927,4365,1521,4p5d_10ms_yaw_0_0_0,repaired
C,branched,ae,mlp,64,,-1,0.0001,25,all,0,63296,0.6997347569772262,0.7827467026466601,0.8071660841988625,0.4858965724556215,0.6028175828283672,0.46797302272275026,10.164331436157227,4365,1521,4p5d_10ms_yaw_0_0_0,repaired
C,branched,ae,cnn,64,,-1,0.0001,25,all,0,114720,0.6987286881178225,0.7833294170697762,0.8236734301902296,0.48035022105157743,0.5652350499150913,0.46797302272275026,10.35871171951294,4365,1521,4p5d_10ms_yaw_0_0_0,repaired
C,branched,ae,gru,64,,-1,0.0001,25,all,0,19136,0.7211065044012817,0.791015459726744,0.8026437610295769,0.4831448106510253,0.6210875663969352,0.46797302272275026,10.643521070480347,4365,1521,4p5d_10ms_yaw_0_0_0,repaired
C,podlse,pod,closed-form,64,,150,0.0001,25,disc2,0,9600,0.6823195704244858,0.7506624748096268,0.5853913418552198,0.5033522027694263,0.5237428964290421,0.39655234855889326,9.928215742111206,4365,1521,4p5d_10ms_yaw_0_0_0,repaired
C,branched,pod,linear,64,,-1,0.0001,25,disc2,0,9664,0.7168481044165704,0.7722272748937719,0.6214071613919698,0.481019028387294,0.47826207097128526,0.39596951628920496,16.087000131607056,4365,1521,4p5d_10ms_yaw_0_0_0,repaired
C,branched,pod,mlp,64,,-1,0.0001,25,disc2,0,44096,0.6915704478136713,0.7726357227998546,0.6220817320768024,0.4792003655289845,0.4799310727386835,0.39596951628920496,10.855008363723755,4365,1521,4p5d_10ms_yaw_0_0_0,repaired
C,branched,pod,cnn,64,,-1,0.0001,25,disc2,0,113760,0.6732097718110555,0.7640159686372316,0.607845807783952,0.48993203114638917,0.5261773958710212,0.39596951628920496,10.540358304977417,4365,1521,4p5d_10ms_yaw_0_0_0,repaired
C,branched,pod,gru,64,,-1,0.0001,25,disc2,0,17984,0.7202017065735119,0.7930546882102334,0.6558046016895974,0.45836286466826415,0.45786407140007873,0.39596951628920496,14.399068117141724,4365,1521,4p5d_10ms_yaw_0_0_0,repaired
C,branched,ae,linear,64,,-1,0.0001,25,disc2,0,9664,0.7042345226166218,0.7641346470346665,0.7956340049231747,0.49723403895917745,0.5723360766719209,0.46797302272275026,12.228928089141846,4365,1521,4p5d_10ms_yaw_0_0_0,repaired
C,branched,ae,mlp,64,,-1,0.0001,25,disc2,0,44096,0.6930187299660036,0.766579134742588,0.784555767670386,0.5009079808752122,0.6097912642053209,0.46797302272275026,10.327619314193726,4365,1521,4p5d_10ms_yaw_0_0_0,repaired
C,branched,ae,cnn,64,,-1,0.0001,25,disc2,0,113760,0.7012675496043907,0.7686634053991672,0.7997646971524113,0.4929673899934194,0.5539590843179727,0.46797302272275026,10.397338390350342,4365,1521,4p5d_10ms_yaw_0_0_0,repaired
C,branched,ae,gru,64,,-1,0.0001,25,disc2,0,17984,0.7152701239869654,0.7804854785626082,0.7932470925308569,0.48796868724364195,0.5978677606416846,0.46797302272275026,10.781903982162476,4365,1521,4p5d_10ms_yaw_0_0_0,repaired
C,podlse,pod,closed-form,64,,150,0.0001,25,disc3,0,9600,0.8210058689672689,0.8883993569738088,0.813088807405678,0.3471770645335625,0.41828388026714636,0.39655234855889326,9.624917984008789,4365,1521,4p5d_10ms_yaw_0_0_0,repaired
C,branched,pod,linear,64,,-1,0.0001,25,disc3,0,9664,0.9107049394921138,0.9440875567265444,0.9052423978686883,0.24621939272492482,0.2699570208360397,0.39596951628920496,16.161282062530518,4365,1521,4p5d_10ms_yaw_0_0_0,repaired
C,branched,pod,mlp,64,,-1,0.0001,25,disc3,0,44096,0.885828916117805,0.9526639034908009,0.9194066328273373,0.22893980925942317,0.26344606247507,0.39596951628920496,9.729405641555786,4365,1521,4p5d_10ms_yaw_0_0_0,repaired
C,branched,pod,cnn,64,,-1,0.0001,25,disc3,0,113760,0.9089401207339479,0.9466732640435613,0.9095128135805585,0.24214840352494488,0.27712915299406726,0.39596951628920496,9.335946083068848,4365,1521,4p5d_10ms_yaw_0_0_0,repaired
C,branched,pod,gru,64,,-1,0.0001,25,disc3,0,17984,0.9180824136122228,0.9555213447704888,0.9241258297976284,0.2213693604292813,0.20133293730427687,0.39596951628920496,10.871238470077515,4365,1521,4p5d_10ms_yaw_0_0_0,repaired
C,branched,ae,linear,64,,-1,0.0001,25,disc3,0,9664,0.8979213960009904,0.9574633698863807,0.961713612908435,0.2631508961341361,0.39804582996335763,0.46797302272275026,12.937934637069702,4365,1521,4p5d_10ms_yaw_0_0_0,repaired
C,branched,ae,mlp,64,,-1,0.0001,25,disc3,0,44096,0.9152924344387812,0.9650829955390439,0.9617362170063518,0.24781598282463604,0.38153988549245255,0.46797302272275026,10.16031289100647,4365,1521,4p5d_10ms_yaw_0_0_0,repaired
C,branched,ae,cnn,64,,-1,0.0001,25,disc3,0,113760,0.8929558054638972,0.9685445411858957,0.9728082218824524,0.2579061781901094,0.41818679850757023,0.46797302272275026,10.594995260238647,4365,1521,4p5d_10ms_yaw_0_0_0,repaired
C,branched,ae,gru,64,,-1,0.0001,25,disc3,0,17984,0.9123745679471177,0.9598227938528738,0.9552835637542133,0.25632866281839656,0.3749250474731698,0.46797302272275026,10.913416385650635,4365,1521,4p5d_10ms_yaw_0_0_0,repaired
C,podlse,pod,closed-form,64,,150,0.0001,25,forces,0,9600,0.7125372471273308,0.7758973589992696,0.6271079763772054,0.47891316445049226,0.5107738442375491,0.39655234855889326,9.731910228729248,4365,1521,4p5d_10ms_yaw_0_0_0,repaired
C,branched,pod,linear,64,,-1,0.0001,25,forces,0,9664,0.8080410907497848,0.8571642824569978,0.7616845737774057,0.38551664254029977,0.3407555619240641,0.39596951628920496,16.305330276489258,4365,1521,4p5d_10ms_yaw_0_0_0,repaired
C,branched,pod,mlp,64,,-1,0.0001,25,forces,0,44096,0.7298272205178289,0.8111556760201434,0.6856992236505179,0.43791491569665847,0.4262178811945686,0.39596951628920496,10.539828062057495,4365,1521,4p5d_10ms_yaw_0_0_0,repaired
C,branched,pod,cnn,64,,-1,0.0001,25,forces,0,113760,0.7117011981516552,0.8577184671289245,0.762599835498908,0.38904533829179233,0.46573038747210077,0.39596951628920496,10.969696998596191,4365,1521,4p5d_10ms_yaw_0_0_0,repaired
C,branched,pod,gru,64,,-1,0.0001,25,forces,0,17984,0.8489850018072667,0.914383915218691,0.8561854545092857,0.3000693115931764,0.28807335556376024,0.39596951628920496,11.701952695846558,4365,1521,4p5d_10ms_yaw_0_0_0,repaired
C,branched,ae,linear,64,,-1,0.0001,25,forces,0,9664,0.7291404980963447,0.788487394787064,0.8278095371397158,0.47414795911275637,0.5585475838105975,0.46797302272275026,12.25652027130127,4365,1521,4p5d_10ms_yaw_0_0_0,repaired
C,branched,ae,mlp,64,,-1,0.0001,25,forces,0,44096,0.7202417984898163,0.7965335847103443,0.8262254076416267,0.4692906980248799,0.5724190003214787,0.46797302272275026,10.450666189193726,4365,1521,4p5d_10ms_yaw_0_0_0,repaired
C,branched,ae,cnn,64,,-1,0.0001,25,forces,0,113760,0.7341626284432469,0.8070675724580282,0.8481965066388049,0.4566141221200029,0.549220777149204,0.46797302272275026,10.28686237335205,4365,1521,4p5d_10ms_yaw_0_0_0,repaired
C,branched,ae,gru,64,,-1,0.0001,25,forces,0,17984,0.7470867893834201,0.8353406452088259,0.8529398561535413,0.43459763173809507,0.5669632568047177,0.46797302272275026,11.34100866317749,4365,1521,4p5d_10ms_yaw_0_0_0,repaired
C,podlse,pod,closed-form,64,,150,0.0001,25,moments,0,9600,0.6835719773538597,0.7518442819083729,0.5873450268590177,0.5027352224832,0.5236934686077507,0.39655234855889326,9.649516820907593,4365,1521,4p5d_10ms_yaw_0_0_0,repaired
C,branched,pod,linear,64,,-1,0.0001,25,moments,0,9664,0.7221937780407836,0.7816268895056401,0.6369310614327349,0.4714856953293475,0.4692852279845005,0.39596951628920496,16.351529121398926,4365,1521,4p5d_10ms_yaw_0_0_0,repaired
C,branched,pod,mlp,64,,-1,0.0001,25,moments,0,44096,0.6836857038605044,0.7822582909811373,0.6379738502912093,0.46939958010731947,0.4893887934120655,0.39596951628920496,11.292759656906128,4365,1521,4p5d_10ms_yaw_0_0_0,repaired
C,branched,pod,cnn,64,,-1,0.0001,25,moments,0,113760,0.6760896402677077,0.7755026409670046,0.6268165805668346,0.4789160750735052,0.5242165891899552,0.39596951628920496,10.735854387283325,4365,1521,4p5d_10ms_yaw_0_0_0,repaired
C,branched,pod,gru,64,,-1,0.0001,25,moments,0,17984,0.7180778467095823,0.7947643597275069,0.6586282035959123,0.4562355477883327,0.46355823250568123,0.39596951628920496,14.869001626968384,4365,1521,4p5d_10ms_yaw_0_0_0,repaired
C,branched,ae,linear,64,,-1,0.0001,25,moments,0,9664,0.7059176093978553,0.7696860566162497,0.8036622657121674,0.49313635350488194,0.5770346076179877,0.46797302272275026,12.273993253707886,4365,1521,4p5d_10ms_yaw_0_0_0,repaired
C,branched,ae,mlp,64,,-1,0.0001,25,moments,0,44096,0.6889772751551223,0.778850305780421,0.8002270248437479,0.4927761542806629,0.6195839090720819,0.46797302272275026,10.224853992462158,4365,1521,4p5d_10ms_yaw_0_0_0,repaired
C,branched,ae,cnn,64,,-1,0.0001,25,moments,0,113760,0.6982247885661048,0.778883800166611,0.8123852871268589,0.4868484509919748,0.5775531855959737,0.46797302272275026,10.218844652175903,4365,1521,4p5d_10ms_yaw_0_0_0,repaired
C,branched,ae,gru,64,,-1,0.0001,25,moments,0,17984,0.707306520833101,0.7883463447247309,0.7961258206542873,0.48572610518624826,0.6195627799953342,0.46797302272275026,10.844594955444336,4365,1521,4p5d_10ms_yaw_0_0_0,repaired
D,branched,pod,linear,64,,-1,0.0001,25,all,0,19264,0.7105115362665906,0.7761981324424255,0.6279652170364625,0.47731679443069824,0.48698130690145586,0.39596951628920496,16.44920301437378,4365,1521,4p5d_10ms_yaw_0_0_0,repaired
D,branched,pod,mlp,64,,-1,0.0001,25,all,0,63296,0.6806038181999624,0.7877210071348725,0.6469957797025047,0.46378808592242987,0.4862494811539368,0.39596951628920496,11.208183288574219,4365,1521,4p5d_10ms_yaw_0_0_0,repaired
D,branched,pod,cnn,64,,-1,0.0001,25,all,0,114720,0.6977408767632778,0.7873948791531578,0.6464571641956264,0.4657331191951301,0.5064529497942851,0.39596951628920496,10.173625469207764,4365,1521,4p5d_10ms_yaw_0_0_0,repaired
D,branched,pod,gru,64,,-1,0.0001,25,all,0,19136,0.7005843543976914,0.8019678734685802,0.6705251410636998,0.45110205474086246,0.49334646832412893,0.39596951628920496,15.960639476776123,4365,1521,4p5d_10ms_yaw_0_0_0,repaired
D,branched,ae,linear,64,,-1,0.0001,25,all,0,19264,0.6965642093207774,0.7754896300401074,0.8139729772262935,0.4890425848583573,0.5843061858394841,0.46797302272275026,12.107234001159668,4365,1521,4p5d_10ms_yaw_0_0_0,repaired
D,branched,ae,mlp,64,,-1,0.0001,25,all,0,63296,0.6997347569772262,0.7827467026466601,0.8071660841988625,0.4858965724556215,0.6028175828283672,0.46797302272275026,10.115745067596436,4365,1521,4p5d_10ms_yaw_0_0_0,repaired
D,branched,ae,cnn,64,,-1,0.0001,25,all,0,114720,0.6987300048633365,0.7833303392994431,0.8236728579697513,0.48034978369731357,0.565236921576426,0.46797302272275026,10.198489665985107,4365,1521,4p5d_10ms_yaw_0_0_0,repaired
D,branched,ae,gru,64,,-1,0.0001,25,all,0,19136,0.7211065044012817,0.791015459726744,0.8026437610295769,0.4831448106510253,0.6210875663969352,0.46797302272275026,10.57628607749939,4365,1521,4p5d_10ms_yaw_0_0_0,repaired
D,branched,pod,linear,64,,-1,0.0001,25,all,1,19264,0.7104354521099595,0.7761140428467017,0.6278263391640829,0.47740514185983673,0.4871610970960782,0.39596951628920496,16.43647265434265,4365,1521,4p5d_10ms_yaw_0_0_0,repaired
D,branched,pod,mlp,64,,-1,0.0001,25,all,1,63296,0.6880166143167102,0.7833489002320119,0.639775042115897,0.46799514283943616,0.4702535091773102,0.39596951628920496,11.142653465270996,4365,1521,4p5d_10ms_yaw_0_0_0,repaired
D,branched,pod,cnn,64,,-1,0.0001,25,all,1,114720,0.6591377677614595,0.7800394620659183,0.634309351297397,0.47528404958319026,0.5293361554646749,0.39596951628920496,10.850570678710938,4365,1521,4p5d_10ms_yaw_0_0_0,repaired
D,branched,pod,gru,64,,-1,0.0001,25,all,1,19136,0.7173251126878013,0.8009152538573799,0.6687866908931375,0.4500003754501383,0.4600400744206104,0.39596951628920496,14.877049446105957,4365,1521,4p5d_10ms_yaw_0_0_0,repaired
D,branched,ae,linear,64,,-1,0.0001,25,all,1,19264,0.6958944181023747,0.7735157246648582,0.803633786596269,0.4896017948425731,0.5814609246073077,0.46803404342866817,36.27504777908325,4365,1521,4p5d_10ms_yaw_0_0_0,repaired
D,branched,ae,mlp,64,,-1,0.0001,25,all,1,63296,0.6950539233309432,0.7767565838406909,0.7927724466672366,0.4879282149028474,0.5851650610046997,0.46803404342866817,10.114216804504395,4365,1521,4p5d_10ms_yaw_0_0_0,repaired
D,branched,ae,cnn,64,,-1,0.0001,25,all,1,114720,0.7006485894294799,0.7853714107174274,0.8139322752039941,0.4783621896342512,0.5738441802912893,0.46803404342866817,10.289437770843506,4365,1521,4p5d_10ms_yaw_0_0_0,repaired
D,branched,ae,gru,64,,-1,0.0001,25,all,1,19136,0.7172960356727062,0.7863137773788758,0.79207624831872,0.48183577545495926,0.5924482945798332,0.46803404342866817,10.765804290771484,4365,1521,4p5d_10ms_yaw_0_0_0,repaired
D,branched,pod,linear,64,,-1,0.0001,25,all,2,19264,0.7104529082928672,0.7762031542092424,0.6279735107175667,0.47731290851262187,0.4873806498732778,0.39596951628920496,16.855528831481934,4365,1521,4p5d_10ms_yaw_0_0_0,repaired
D,branched,pod,mlp,64,,-1,0.0001,25,all,2,63296,0.6845620846667201,0.7835404253455078,0.6400913547350817,0.46784880066796225,0.47627660995687504,0.39596951628920496,11.273377895355225,4365,1521,4p5d_10ms_yaw_0_0_0,repaired
D,branched,pod,cnn,64,,-1,0.0001,25,all,2,114720,0.6934923007998148,0.7834450432004179,0.6399338266930085,0.46943219980554285,0.49827809170417287,0.39596951628920496,10.114474773406982,4365,1521,4p5d_10ms_yaw_0_0_0,repaired
D,branched,pod,gru,64,,-1,0.0001,25,all,2,19136,0.7028142447801509,0.8012726478390718,0.6693769436509422,0.4504751266700445,0.4914694024005313,0.39596951628920496,15.516908884048462,4365,1521,4p5d_10ms_yaw_0_0_0,repaired
D,branched,ae,linear,64,,-1,0.0001,25,all,2,19264,0.6985984661063681,0.776701579428375,0.8021757708404624,0.4901622446661059,0.5966018628066027,0.47028925779909897,39.27487850189209,4365,1521,4p5d_10ms_yaw_0_0_0,repaired
D,branched,ae,mlp,64,,-1,0.0001,25,all,2,63296,0.7011864538803714,0.7819612798280822,0.7959115784392962,0.4885394452791621,0.6109583636529923,0.47028925779909897,10.338342666625977,4365,1521,4p5d_10ms_yaw_0_0_0,repaired
D,branched,ae,cnn,64,,-1,0.0001,25,all,2,114720,0.7142475372380104,0.788052545872099,0.8121872012343452,0.48093419955973554,0.5943693505001225,0.47028925779909897,10.334254503250122,4365,1521,4p5d_10ms_yaw_0_0_0,repaired
D,branched,ae,gru,64,,-1,0.0001,25,all,2,19136,0.728788948176096,0.7948232357648878,0.7984095776654436,0.48007684614908713,0.6131700889125177,0.47028925779909897,10.908048391342163,4365,1521,4p5d_10ms_yaw_0_0_0,repaired
D,branched,pod,linear,64,,-1,0.0001,25,all,3,19264,0.710552449593509,0.7763460088232701,0.6282094417466674,0.4771623935626436,0.4870909334128384,0.39596951628920496,16.346129655838013,4365,1521,4p5d_10ms_yaw_0_0_0,repaired
D,branched,pod,mlp,64,,-1,0.0001,25,all,3,63296,0.6812065779981571,0.7869122623948509,0.6456601002070137,0.4648713805045151,0.48946810868174984,0.39596951628920496,11.167820930480957,4365,1521,4p5d_10ms_yaw_0_0_0,repaired
D,branched,pod,cnn,64,,-1,0.0001,25,all,3,114720,0.6966269757632908,0.7812211207406692,0.6362609154738657,0.4708824686205231,0.4875806746570469,0.39596951628920496,9.914942979812622,4365,1521,4p5d_10ms_yaw_0_0_0,repaired
D,branched,pod,gru,64,,-1,0.0001,25,all,3,19136,0.706355119040957,0.8000325855880511,0.6673289232560565,0.4518289801627474,0.4903165578366593,0.39596951628920496,15.490149974822998,4365,1521,4p5d_10ms_yaw_0_0_0,repaired
D,branched,ae,linear,64,,-1,0.0001,25,all,3,19264,0.6990552874301106,0.7750808419582265,0.80525699647308,0.4892994019880083,0.5814863651057154,0.46818594733830576,38.88894605636597,4365,1521,4p5d_10ms_yaw_0_0_0,repaired
D,branched,ae,mlp,64,,-1,0.0001,25,all,3,63296,0.7073146978832796,0.7792511269480809,0.7980347743413344,0.4892140686340645,0.6021130514846232,0.46818594733830576,10.22163438796997,4365,1521,4p5d_10ms_yaw_0_0_0,repaired
D,branched,ae,cnn,64,,-1,0.0001,25,all,3,114720,0.7112452997263611,0.7828521018761414,0.8152019210900964,0.48077644835955197,0.5681012259150254,0.46818594733830576,10.01439905166626,4365,1521,4p5d_10ms_yaw_0_0_0,repaired
D,branched,ae,gru,64,,-1,0.0001,25,all,3,19136,0.7162433600649866,0.7912394743905029,0.7984116381951635,0.48061954357369974,0.5998355519561085,0.46818594733830576,10.646519184112549,4365,1521,4p5d_10ms_yaw_0_0_0,repaired
D,branched,pod,linear,64,,-1,0.0001,25,all,4,19264,0.7105037525716431,0.7762274677247387,0.6280136656175058,0.47729207448889166,0.48719412253528166,0.39596951628920496,16.37492847442627,4365,1521,4p5d_10ms_yaw_0_0_0,repaired
D,branched,pod,mlp,64,,-1,0.0001,25,all,4,63296,0.6887017299741086,0.7849358309376996,0.6423959318719101,0.46612148752959925,0.4642911800362003,0.39596951628920496,10.982188701629639,4365,1521,4p5d_10ms_yaw_0_0_0,repaired
D,branched,pod,cnn,64,,-1,0.0001,25,all,4,114720,0.6837016331278172,0.7794045400179943,0.6332607480500672,0.4744170664861695,0.514301898383417,0.39596951628920496,10.358961820602417,4365,1521,4p5d_10ms_yaw_0_0_0,repaired
D,branched,pod,gru,64,,-1,0.0001,25,all,4,19136,0.6973443366392181,0.7993198467088943,0.6661518018982059,0.4523929426817132,0.4925173778831204,0.39596951628920496,15.974091529846191,4365,1521,4p5d_10ms_yaw_0_0_0,repaired
D,branched,ae,linear,64,,-1,0.0001,25,all,4,19264,0.6978161469078503,0.7754531154581341,0.8077291819199319,0.4897505448977604,0.58842128549984,0.4685613689471771,37.184919118881226,4365,1521,4p5d_10ms_yaw_0_0_0,repaired
D,branched,ae,mlp,64,,-1,0.0001,25,all,4,63296,0.7077050947747714,0.7841380606064391,0.8043318160048242,0.4843546923417878,0.6001744792444229,0.4685613689471771,10.034967422485352,4365,1521,4p5d_10ms_yaw_0_0_0,repaired
D,branched,ae,cnn,64,,-1,0.0001,25,all,4,114720,0.723044946224763,0.7905028352667887,0.8172976877193214,0.47935204185589136,0.5995700345463437,0.4685613689471771,10.102150440216064,4365,1521,4p5d_10ms_yaw_0_0_0,repaired
D,branched,ae,gru,64,,-1,0.0001,25,all,4,19136,0.7208782993254881,0.7924752715496599,0.7984098235766576,0.47966733644799836,0.6020381138346916,0.4685613689471771,10.703691720962524,4365,1521,4p5d_10ms_yaw_0_0_0,repaired
