band_hz,n_delays,r_field,r_sensor,ridge,sensor_basis,rank_bound,nmse_val,nmse_test,seconds
40.0,1,2,,0.0001,pod,12,0.8491139582325792,nan,2.6801960468292236
40.0,1,2,,0.0001,pls,12,0.8491139582325788,nan,2.6523213386535645
40.0,1,2,,0.001,pod,12,0.8491817328499703,nan,4.778881072998047
40.0,1,2,,0.001,pls,12,0.8491817328499699,nan,2.1651415824890137
40.0,1,2,,0.01,pod,12,0.850433377280671,nan,2.164597988128662
40.0,1,2,,0.01,pls,12,0.8504333772806706,nan,1.9520220756530762
40.0,1,4,,0.0001,pod,12,0.8430184894159822,nan,1.993433952331543
40.0,1,4,,0.0001,pls,12,0.8430184894159822,nan,2.0201973915100098
40.0,1,4,,0.001,pod,12,0.8431359654929077,nan,2.1389174461364746
40.0,1,4,,0.001,pls,12,0.8431359654929073,nan,2.2415850162506104
40.0,1,4,,0.01,pod,12,0.8449224045675867,nan,2.2417545318603516
40.0,1,4,,0.01,pls,12,0.8449224045675864,nan,2.210401773452759
40.0,1,8,,0.0001,pod,12,0.8414642914769502,nan,2.274840831756592
40.0,1,8,,0.0001,pls,12,0.8414642914769502,nan,2.237187623977661
40.0,1,8,,0.001,pod,12,0.8415049322171826,nan,2.0891528129577637
40.0,1,8,,0.001,pls,12,0.8415049322171823,nan,2.0378623008728027
40.0,1,8,,0.01,pod,12,0.842986841616502,nan,2.0764029026031494
40.0,1,8,,0.01,pls,12,0.842986841616502,nan,2.019760847091675
40.0,1,16,,0.0001,pod,12,0.8409802619042822,nan,2.3042805194854736
40.0,1,16,,0.0001,pls,12,0.840980261904282,nan,2.577786922454834
40.0,1,16,,0.001,pod,12,0.8409980048174576,nan,2.513979434967041
40.0,1,16,,0.001,pls,12,0.8409980048174571,nan,2.9141244888305664
40.0,1,16,,0.01,pod,12,0.8423845890631048,nan,3.0755615234375
40.0,1,16,,0.01,pls,12,0.8423845890631046,nan,2.947321891784668
40.0,1,32,,0.0001,pod,12,0.8407896140344904,nan,3.1283278465270996
40.0,1,32,,0.0001,pls,12,0.8407896140344903,nan,3.1228890419006348
40.0,1,32,,0.001,pod,12,0.8408046586885722,nan,3.141028642654419
40.0,1,32,,0.001,pls,12,0.840804658688572,nan,3.4001429080963135
40.0,1,32,,0.01,pod,12,0.8421861669671169,nan,3.436657667160034
40.0,1,32,,0.01,pls,12,0.8421861669671168,nan,3.425753116607666
40.0,1,64,,0.0001,pod,12,0.8411134854879543,nan,4.167649507522583
40.0,1,64,,0.0001,pls,12,0.8411134854879542,nan,3.910264730453491
40.0,1,64,,0.001,pod,12,0.8411236161460609,nan,3.7788472175598145
40.0,1,64,,0.001,pls,12,0.8411236161460608,nan,3.80918025970459
40.0,1,64,,0.01,pod,12,0.8424786209947775,nan,3.651871919631958
40.0,1,64,,0.01,pls,12,0.8424786209947774,nan,4.1717445850372314
40.0,1,128,,0.0001,pod,12,0.8414168992047372,nan,5.811683177947998
40.0,1,128,,0.0001,pls,12,0.841416899204737,nan,5.235161304473877
40.0,1,128,,0.001,pod,12,0.8414222512592959,nan,5.245382785797119
40.0,1,128,,0.001,pls,12,0.8414222512592957,nan,5.123525142669678
40.0,1,128,,0.01,pod,12,0.8427475198366688,nan,5.185298919677734
40.0,1,128,,0.01,pls,12,0.8427475198366688,nan,4.7096052169799805
40.0,5,2,,0.0001,pod,60,0.679806547383678,nan,2.2354516983032227
40.0,5,2,,0.0001,pls,60,0.679806547383678,nan,2.187911033630371
40.0,5,2,,0.001,pod,60,0.6836250580098387,nan,2.2120914459228516
40.0,5,2,,0.001,pls,60,0.6836250580098387,nan,2.207916498184204
40.0,5,2,,0.01,pod,60,0.6941475766135404,nan,2.176962375640869
40.0,5,2,,0.01,pls,60,0.6941475766135404,nan,2.012265205383301
40.0,5,2,25,0.0001,pod,60,0.7055780313742891,nan,1.980128288269043
40.0,5,2,25,0.0001,pls,60,0.7054568293474476,nan,1.9526267051696777
40.0,5,2,25,0.001,pod,60,0.7055992997556496,nan,1.9601454734802246
40.0,5,2,25,0.001,pls,60,0.7054781375797463,nan,1.964904546737671
40.0,5,2,25,0.01,pod,60,0.7058657182718706,nan,1.9140055179595947
40.0,5,2,25,0.01,pls,60,0.7057451264562986,nan,1.9123897552490234
40.0,5,4,,0.0001,pod,60,0.6582376175109064,nan,2.3624215126037598
40.0,5,4,,0.0001,pls,60,0.6582376175109064,nan,2.420367479324341
40.0,5,4,,0.001,pod,60,0.6632854028748394,nan,2.339163303375244
40.0,5,4,,0.001,pls,60,0.6632854028748394,nan,2.182542562484741
40.0,5,4,,0.01,pod,60,0.6778206578011158,nan,2.37595796585083
40.0,5,4,,0.01,pls,60,0.6778206578011156,nan,2.377800703048706
40.0,5,4,25,0.0001,pod,60,0.6986644160270511,nan,2.276820182800293
40.0,5,4,25,0.0001,pls,60,0.6949676786862029,nan,2.1385107040405273
40.0,5,4,25,0.001,pod,60,0.6987004762444355,nan,2.429703950881958
40.0,5,4,25,0.001,pls,60,0.6950510121426217,nan,2.1593167781829834
40.0,5,4,25,0.01,pod,60,0.6991190642183501,nan,2.18357515335083
40.0,5,4,25,0.01,pls,60,0.69594312917051,nan,2.2511727809906006
40.0,5,8,,0.0001,pod,60,0.6477502353379384,nan,2.443997383117676
40.0,5,8,,0.0001,pls,60,0.6477502353379385,nan,2.4471848011016846
40.0,5,8,,0.001,pod,60,0.6537343310564394,nan,2.4117653369903564
40.0,5,8,,0.001,pls,60,0.6537343310564393,nan,2.6534032821655273
40.0,5,8,,0.01,pod,60,0.6699952029148821,nan,3.0162034034729004
40.0,5,8,,0.01,pls,60,0.669995202914882,nan,2.8939807415008545
40.0,5,8,25,0.0001,pod,60,0.6967996827772599,nan,2.6971211433410645
40.0,5,8,25,0.0001,pls,60,0.692245320713553,nan,2.682914972305298
40.0,5,8,25,0.001,pod,60,0.6968317971677139,nan,2.661442756652832
40.0,5,8,25,0.001,pls,60,0.69228681773294,nan,2.3842339515686035
40.0,5,8,25,0.01,pod,60,0.6972282836543537,nan,2.1825151443481445
40.0,5,8,25,0.01,pls,60,0.6929914809043802,nan,2.441986083984375
40.0,5,16,,0.0001,pod,60,0.6466872753378172,nan,2.701010227203369
40.0,5,16,,0.0001,pls,60,0.6466872753378172,nan,2.874328374862671
40.0,5,16,,0.001,pod,60,0.6525881735847339,nan,2.962338924407959
40.0,5,16,,0.001,pls,60,0.6525881735847339,nan,3.203336715698242
40.0,5,16,,0.01,pod,60,0.6685806701611593,nan,3.1244750022888184
40.0,5,16,,0.01,pls,60,0.6685806701611593,nan,3.1502795219421387
40.0,5,16,25,0.0001,pod,60,0.6961145155563867,nan,2.939246654510498
40.0,5,16,25,0.0001,pls,60,0.6868803400821131,nan,2.798107624053955
40.0,5,16,25,0.001,pod,60,0.696130764280944,nan,2.949411630630493
40.0,5,16,25,0.001,pls,60,0.6869610075535768,nan,2.958163261413574
40.0,5,16,25,0.01,pod,60,0.6964105236085827,nan,2.8513171672821045
40.0,5,16,25,0.01,pls,60,0.6886079650927254,nan,2.741196393966675
40.0,5,32,,0.0001,pod,60,0.6463006103149893,nan,3.6817333698272705
40.0,5,32,,0.0001,pls,60,0.6463006103149894,nan,3.736208200454712
40.0,5,32,,0.001,pod,60,0.6521127902440358,nan,3.7031381130218506
40.0,5,32,,0.001,pls,60,0.6521127902440359,nan,3.6822099685668945
40.0,5,32,,0.01,pod,60,0.6681667205298951,nan,3.664280414581299
40.0,5,32,,0.01,pls,60,0.668166720529895,nan,3.47733736038208
40.0,5,32,25,0.0001,pod,60,0.696221101206923,nan,3.1180243492126465
40.0,5,32,25,0.0001,pls,60,0.6758038023332822,nan,3.015958070755005
40.0,5,32,25,0.001,pod,60,0.696230760138268,nan,3.157231330871582
40.0,5,32,25,0.001,pls,60,0.6760201276693489,nan,3.169908046722412
40.0,5,32,25,0.01,pod,60,0.6964558960706508,nan,3.182685136795044
40.0,5,32,25,0.01,pls,60,0.6810747626558439,nan,3.1282641887664795
40.0,5,64,,0.0001,pod,60,0.647039296689598,nan,3.659287691116333
40.0,5,64,,0.0001,pls,60,0.647039296689598,nan,3.3996195793151855
40.0,5,64,,0.001,pod,60,0.6527370746505138,nan,3.4627737998962402
40.0,5,64,,0.001,pls,60,0.6527370746505138,nan,3.4902772903442383
40.0,5,64,,0.01,pod,60,0.6686752207461814,nan,3.31610107421875
40.0,5,64,,0.01,pls,60,0.6686752207461814,nan,3.345280647277832
40.0,5,64,25,0.0001,pod,60,0.6968096525103673,nan,3.2950847148895264
40.0,5,64,25,0.0001,pls,60,0.6790891725223194,nan,3.046204090118408
40.0,5,64,25,0.001,pod,60,0.6968134859142002,nan,3.102102279663086
40.0,5,64,25,0.001,pls,60,0.6790465726707595,nan,3.5440030097961426
40.0,5,64,25,0.01,pod,60,0.6969907899330563,nan,3.6186342239379883
40.0,5,64,25,0.01,pls,60,0.6825342057048758,nan,3.685542583465576
40.0,5,128,,0.0001,pod,60,0.6479584688900916,nan,4.995465993881226
40.0,5,128,,0.0001,pls,60,0.6479584688900918,nan,4.680476188659668
40.0,5,128,,0.001,pod,60,0.6534188240482496,nan,4.8126325607299805
40.0,5,128,,0.001,pls,60,0.6534188240482496,nan,5.2430338859558105
40.0,5,128,,0.01,pod,60,0.6691587054727612,nan,5.330710172653198
40.0,5,128,,0.01,pls,60,0.6691587054727609,nan,5.538665771484375
40.0,5,128,25,0.0001,pod,60,0.6972797746266484,nan,5.448947906494141
40.0,5,128,25,0.0001,pls,60,0.6805168367021707,nan,5.134048223495483
40.0,5,128,25,0.001,pod,60,0.6972793779365093,nan,5.655971527099609
40.0,5,128,25,0.001,pls,60,0.6804811516450867,nan,5.945061922073364
40.0,5,128,25,0.01,pod,60,0.6974219416988816,nan,6.018517732620239
40.0,5,128,25,0.01,pls,60,0.6833924863367454,nan,5.762132406234741
40.0,10,2,,0.0001,pod,120,0.6615168567844157,nan,2.5392003059387207
40.0,10,2,,0.0001,pls,120,0.6615168567844157,nan,2.8348255157470703
40.0,10,2,,0.001,pod,120,0.6628573084129049,nan,2.8260531425476074
40.0,10,2,,0.001,pls,120,0.6628573084129049,nan,2.733449935913086
40.0,10,2,,0.01,pod,120,0.6671237566642682,nan,2.7338619232177734
40.0,10,2,,0.01,pls,120,0.667123756664268,nan,3.100883722305298
40.0,10,2,25,0.0001,pod,120,0.6866733956093948,nan,2.9946541786193848
40.0,10,2,25,0.0001,pls,120,0.686085546393684,nan,3.050201416015625
40.0,10,2,25,0.001,pod,120,0.6866967989779748,nan,3.1120893955230713
40.0,10,2,25,0.001,pls,120,0.6861090517411564,nan,3.121347427368164
40.0,10,2,25,0.01,pod,120,0.6870780375951803,nan,3.096255302429199
40.0,10,2,25,0.01,pls,120,0.6864923715400767,nan,2.9493930339813232
40.0,10,2,100,0.0001,pod,120,0.6614917697100283,nan,2.733020782470703
40.0,10,2,100,0.0001,pls,120,0.6614911269105292,nan,2.7012414932250977
40.0,10,2,100,0.001,pod,120,0.6630858421117237,nan,2.824824571609497
40.0,10,2,100,0.001,pls,120,0.6630855405733479,nan,2.906435966491699
40.0,10,2,100,0.01,pod,120,0.6675920852121594,nan,2.7883784770965576
40.0,10,2,100,0.01,pls,120,0.6675919921797085,nan,2.5942564010620117
40.0,10,4,,0.0001,pod,120,0.6361875265138145,nan,2.6423370838165283
40.0,10,4,,0.0001,pls,120,0.6361875265138145,nan,2.6494498252868652
40.0,10,4,,0.001,pod,120,0.6383074120713612,nan,2.475822925567627
40.0,10,4,,0.001,pls,120,0.6383074120713611,nan,2.5073113441467285
40.0,10,4,,0.01,pod,120,0.6449917760599772,nan,2.4866251945495605
40.0,10,4,,0.01,pls,120,0.644991776059977,nan,2.4946448802948
40.0,10,4,25,0.0001,pod,120,0.670857211968638,nan,2.516690254211426
40.0,10,4,25,0.0001,pls,120,0.6694867225391807,nan,2.6216957569122314
40.0,10,4,25,0.001,pod,120,0.6708956930490931,nan,2.4401721954345703
40.0,10,4,25,0.001,pls,120,0.6695200468159405,nan,2.1871225833892822
40.0,10,4,25,0.01,pod,120,0.6714826654725137,nan,2.145805835723877
40.0,10,4,25,0.01,pls,120,0.6700814606386761,nan,2.222665309906006
40.0,10,4,100,0.0001,pod,120,0.6361778594579487,nan,2.21484375
40.0,10,4,100,0.0001,pls,120,0.6361762945530789,nan,2.1563501358032227
40.0,10,4,100,0.001,pod,120,0.6386669970654033,nan,2.6701228618621826
40.0,10,4,100,0.001,pls,120,0.6386663830769198,nan,2.7255685329437256
40.0,10,4,100,0.01,pod,120,0.645717553634329,nan,2.853611469268799
40.0,10,4,100,0.01,pls,120,0.6457174814255374,nan,2.5367376804351807
40.0,10,8,,0.0001,pod,120,0.6220117162832435,nan,2.4000895023345947
40.0,10,8,,0.0001,pls,120,0.6220117162832434,nan,2.4186761379241943
40.0,10,8,,0.001,pod,120,0.6250448977816728,nan,2.2496237754821777
40.0,10,8,,0.001,pls,120,0.6250448977816726,nan,2.291246175765991
40.0,10,8,,0.01,pod,120,0.6337569399390465,nan,2.375467300415039
40.0,10,8,,0.01,pls,120,0.6337569399390462,nan,2.344001293182373
40.0,10,8,25,0.0001,pod,120,0.6658405253193905,nan,2.474921464920044
40.0,10,8,25,0.0001,pls,120,0.6615322479932007,nan,2.540856122970581
40.0,10,8,25,0.001,pod,120,0.665872284302054,nan,2.308659791946411
40.0,10,8,25,0.001,pls,120,0.6615585782111406,nan,2.4092636108398438
40.0,10,8,25,0.01,pod,120,0.6664234012525966,nan,2.4812912940979004
40.0,10,8,25,0.01,pls,120,0.6621756942189576,nan,3.0472025871276855
40.0,10,8,100,0.0001,pod,120,0.6220955886277073,nan,3.1636953353881836
40.0,10,8,100,0.0001,pls,120,0.6220913979668472,nan,3.041210174560547
40.0,10,8,100,0.001,pod,120,0.6255316041908275,nan,2.9683401584625244
40.0,10,8,100,0.001,pls,120,0.625528113918763,nan,2.720531463623047
40.0,10,8,100,0.01,pod,120,0.6346999114818395,nan,2.7279558181762695
40.0,10,8,100,0.01,pls,120,0.6346989596820591,nan,2.4837567806243896
40.0,10,16,,0.0001,pod,120,0.6204371134299034,nan,3.0361289978027344
40.0,10,16,,0.0001,pls,120,0.6204371134299034,nan,3.0324296951293945
40.0,10,16,,0.001,pod,120,0.6229877401877181,nan,3.0629444122314453
40.0,10,16,,0.001,pls,120,0.6229877401877181,nan,3.3834216594696045
40.0,10,16,,0.01,pod,120,0.6314395901898998,nan,3.390932321548462
40.0,10,16,,0.01,pls,120,0.6314395901898997,nan,3.377613067626953
40.0,10,16,25,0.0001,pod,120,0.6656078134151706,nan,3.3645660877227783
40.0,10,16,25,0.0001,pls,120,0.6586814740817388,nan,3.325281858444214
40.0,10,16,25,0.001,pod,120,0.6656269417905736,nan,3.1646201610565186
40.0,10,16,25,0.001,pls,120,0.6586679210171684,nan,3.022982120513916
40.0,10,16,25,0.01,pod,120,0.6660717944720548,nan,3.014080047607422
40.0,10,16,25,0.01,pls,120,0.6592986357073346,nan,3.0116143226623535
40.0,10,16,100,0.0001,pod,120,0.6205236429570529,nan,2.7611474990844727
40.0,10,16,100,0.0001,pls,120,0.6205527163066177,nan,3.18408203125
40.0,10,16,100,0.001,pod,120,0.6234382376003922,nan,3.3476579189300537
40.0,10,16,100,0.001,pls,120,0.6234393347854301,nan,3.36382794380188
40.0,10,16,100,0.01,pod,120,0.6324051817510506,nan,3.3301730155944824
40.0,10,16,100,0.01,pls,120,0.6324052737071459,nan,3.297903299331665
40.0,10,32,,0.0001,pod,120,0.6205218821473248,nan,3.362617254257202
40.0,10,32,,0.0001,pls,120,0.6205218821473247,nan,3.1475272178649902
40.0,10,32,,0.001,pod,120,0.6225190995904689,nan,3.0796101093292236
40.0,10,32,,0.001,pls,120,0.6225190995904689,nan,3.0665433406829834
40.0,10,32,,0.01,pod,120,0.6307379459878603,nan,3.0264077186584473
40.0,10,32,,0.01,pls,120,0.63073794598786,nan,3.004307746887207
40.0,10,32,25,0.0001,pod,120,0.6654342621745712,nan,3.048750400543213
40.0,10,32,25,0.0001,pls,120,0.6556157755771528,nan,2.6441357135772705
40.0,10,32,25,0.001,pod,120,0.6654455936671406,nan,2.6763031482696533
40.0,10,32,25,0.001,pls,120,0.655538186357365,nan,2.8307929039001465
40.0,10,32,25,0.01,pod,120,0.6658266942885127,nan,2.848541736602783
40.0,10,32,25,0.01,pls,120,0.6566705528506623,nan,2.769756317138672
40.0,10,32,100,0.0001,pod,120,0.6205614351710171,nan,2.7053205966949463
40.0,10,32,100,0.0001,pls,120,0.6209997696875844,nan,2.6042611598968506
40.0,10,32,100,0.001,pod,120,0.6229307899157885,nan,2.5676345825195312
40.0,10,32,100,0.001,pls,120,0.6229929195100048,nan,2.6072168350219727
40.0,10,32,100,0.01,pod,120,0.6317101724906086,nan,2.5260918140411377
40.0,10,32,100,0.01,pls,120,0.6317142551012102,nan,2.6434226036071777
40.0,10,64,,0.0001,pod,120,0.6219226700442708,nan,3.7420589923858643
40.0,10,64,,0.0001,pls,120,0.6219226700442708,nan,3.587231159210205
40.0,10,64,,0.001,pod,120,0.6235120738092635,nan,3.4947307109832764
40.0,10,64,,0.001,pls,120,0.6235120738092635,nan,3.393693685531616
40.0,10,64,,0.01,pod,120,0.6314343747153246,nan,3.199059247970581
40.0,10,64,,0.01,pls,120,0.6314343747153245,nan,3.1863272190093994
40.0,10,64,25,0.0001,pod,120,0.6662397263866968,nan,3.29940128326416
40.0,10,64,25,0.0001,pls,120,0.6493424642913137,nan,3.396865129470825
40.0,10,64,25,0.001,pod,120,0.6662419952205182,nan,3.4984018802642822
40.0,10,64,25,0.001,pls,120,0.6492355125408771,nan,3.605462074279785
40.0,10,64,25,0.01,pod,120,0.6665445269059694,nan,3.955195188522339
40.0,10,64,25,0.01,pls,120,0.6510247427266148,nan,3.6850852966308594
40.0,10,64,100,0.0001,pod,120,0.6219307846936772,nan,3.774209499359131
40.0,10,64,100,0.0001,pls,120,0.6221278519636303,nan,3.5267536640167236
40.0,10,64,100,0.001,pod,120,0.6238921207777884,nan,3.919306993484497
40.0,10,64,100,0.001,pls,120,0.6239227878964766,nan,3.974700450897217
40.0,10,64,100,0.01,pod,120,0.6323906837213185,nan,4.219024658203125
40.0,10,64,100,0.01,pls,120,0.6323911207893681,nan,4.391203165054321
40.0,10,128,,0.0001,pod,120,0.6239816635467562,nan,5.959465265274048
40.0,10,128,,0.0001,pls,120,0.6239816635467562,nan,5.453490972518921
40.0,10,128,,0.001,pod,120,0.6250054807473292,nan,5.687879323959351
40.0,10,128,,0.001,pls,120,0.6250054807473292,nan,5.670701742172241
40.0,10,128,,0.01,pod,120,0.6323801774963688,nan,6.428727149963379
40.0,10,128,,0.01,pls,120,0.6323801774963687,nan,6.304999351501465
40.0,10,128,25,0.0001,pod,120,0.6669124667924684,nan,5.96893572807312
40.0,10,128,25,0.0001,pls,120,0.6501396135121166,nan,5.680174827575684
40.0,10,128,25,0.001,pod,120,0.6669080980364616,nan,5.6085569858551025
40.0,10,128,25,0.001,pls,120,0.6499652284676507,nan,5.460118532180786
40.0,10,128,25,0.01,pod,120,0.6671530539900623,nan,4.993296384811401
40.0,10,128,25,0.01,pls,120,0.6510912786166094,nan,4.835401773452759
40.0,10,128,100,0.0001,pod,120,0.6239494792360837,nan,4.844113111495972
40.0,10,128,100,0.0001,pls,120,0.6240920476662328,nan,4.639289855957031
40.0,10,128,100,0.001,pod,120,0.6253336059593081,nan,4.691891431808472
40.0,10,128,100,0.001,pls,120,0.6254039081103774,nan,4.664337396621704
40.0,10,128,100,0.01,pod,120,0.6333041018050537,nan,5.096010208129883
40.0,10,128,100,0.01,pls,120,0.6333580717109288,nan,5.0355658531188965
40.0,25,2,,0.0001,pod,300,0.661712623463188,nan,2.4538803100585938
40.0,25,2,,0.0001,pls,300,0.6617126234631879,nan,2.3496086597442627
40.0,25,2,,0.001,pod,300,0.6632122467094688,nan,2.2331044673919678
40.0,25,2,,0.001,pls,300,0.6632122467094688,nan,2.198918342590332
40.0,25,2,,0.01,pod,300,0.6665666333585601,nan,2.1844537258148193
40.0,25,2,,0.01,pls,300,0.6665666333585601,nan,2.210261583328247
40.0,25,2,25,0.0001,pod,300,0.6845713690636445,nan,2.236330032348633
40.0,25,2,25,0.0001,pls,300,0.6824292660440271,nan,2.4128072261810303
40.0,25,2,25,0.001,pod,300,0.6846426164873772,nan,2.3697400093078613
40.0,25,2,25,0.001,pls,300,0.6824988941163672,nan,2.373220920562744
40.0,25,2,25,0.01,pod,300,0.6855038430721784,nan,2.6650984287261963
40.0,25,2,25,0.01,pls,300,0.6833572709039574,nan,2.9061081409454346
40.0,25,2,100,0.0001,pod,300,0.6724564231508693,nan,2.6513800621032715
40.0,25,2,100,0.0001,pls,300,0.6723311525092598,nan,2.7139928340911865
40.0,25,2,100,0.001,pod,300,0.6724223930682722,nan,2.838987350463867
40.0,25,2,100,0.001,pls,300,0.6722954573134163,nan,2.832568645477295
40.0,25,2,100,0.01,pod,300,0.6724550308052539,nan,2.558218240737915
40.0,25,2,100,0.01,pls,300,0.6723233574248929,nan,2.5253095626831055
40.0,25,4,,0.0001,pod,300,0.6414993136251734,nan,2.8639698028564453
40.0,25,4,,0.0001,pls,300,0.6414993136251734,nan,2.8119802474975586
40.0,25,4,,0.001,pod,300,0.6411394946523822,nan,3.177298069000244
40.0,25,4,,0.001,pls,300,0.6411394946523822,nan,3.261209487915039
40.0,25,4,,0.01,pod,300,0.6442170711880446,nan,3.2322840690612793
40.0,25,4,,0.01,pls,300,0.6442170711880446,nan,3.4660542011260986
40.0,25,4,25,0.0001,pod,300,0.6741763102913646,nan,3.372025489807129
40.0,25,4,25,0.0001,pls,300,0.6644341027989252,nan,3.1244263648986816
40.0,25,4,25,0.001,pod,300,0.6742588078428119,nan,2.727888822555542
40.0,25,4,25,0.001,pls,300,0.6645347803805683,nan,2.8874988555908203
40.0,25,4,25,0.01,pod,300,0.6752659203033511,nan,2.9018568992614746
40.0,25,4,25,0.01,pls,300,0.6658198888619354,nan,2.799630641937256
40.0,25,4,100,0.0001,pod,300,0.6550542899098335,nan,2.799114465713501
40.0,25,4,100,0.0001,pls,300,0.6541979079784419,nan,3.449812650680542
40.0,25,4,100,0.001,pod,300,0.6549457245936804,nan,3.423175811767578
40.0,25,4,100,0.001,pls,300,0.6540682832116803,nan,3.227980613708496
40.0,25,4,100,0.01,pod,300,0.6545954859000204,nan,3.218137741088867
40.0,25,4,100,0.01,pls,300,0.6536569057230521,nan,3.285123109817505
40.0,25,8,,0.0001,pod,300,0.6305592610756517,nan,3.3027377128601074
40.0,25,8,,0.0001,pls,300,0.6305592610756516,nan,3.0818357467651367
40.0,25,8,,0.001,pod,300,0.629245638545343,nan,3.120673894882202
40.0,25,8,,0.001,pls,300,0.629245638545343,nan,3.0447092056274414
40.0,25,8,,0.01,pod,300,0.6327717362180888,nan,2.7824671268463135
40.0,25,8,,0.01,pls,300,0.6327717362180888,nan,2.721247911453247
40.0,25,8,25,0.0001,pod,300,0.6686332820419905,nan,2.860834836959839
40.0,25,8,25,0.0001,pls,300,0.6577927411789124,nan,2.8948721885681152
40.0,25,8,25,0.001,pod,300,0.6687079840143139,nan,2.745300769805908
40.0,25,8,25,0.001,pls,300,0.6577881417685111,nan,2.6130530834198
40.0,25,8,25,0.01,pod,300,0.6696680970447579,nan,2.661214590072632
40.0,25,8,25,0.01,pls,300,0.658420344241359,nan,2.61134672164917
40.0,25,8,100,0.0001,pod,300,0.6469235545769007,nan,2.6519103050231934
40.0,25,8,100,0.0001,pls,300,0.6431058891921633,nan,2.604501485824585
40.0,25,8,100,0.001,pod,300,0.6467730017742842,nan,2.462111711502075
40.0,25,8,100,0.001,pls,300,0.6428131518084409,nan,2.322448253631592
40.0,25,8,100,0.01,pod,300,0.6462148994829907,nan,2.2526493072509766
40.0,25,8,100,0.01,pls,300,0.6423184748887388,nan,2.272716760635376
40.0,25,16,,0.0001,pod,300,0.6299256833220039,nan,2.4141111373901367
40.0,25,16,,0.0001,pls,300,0.6299256833220037,nan,2.355595111846924
40.0,25,16,,0.001,pod,300,0.6275530662436575,nan,2.4518346786499023
40.0,25,16,,0.001,pls,300,0.6275530662436576,nan,2.7151894569396973
40.0,25,16,,0.01,pod,300,0.6302608089132672,nan,2.816420316696167
40.0,25,16,,0.01,pls,300,0.6302608089132672,nan,2.7517430782318115
40.0,25,16,25,0.0001,pod,300,0.6680576281466268,nan,2.7770304679870605
40.0,25,16,25,0.0001,pls,300,0.6566556852616028,nan,2.616549253463745
40.0,25,16,25,0.001,pod,300,0.6681097929349064,nan,2.480769395828247
40.0,25,16,25,0.001,pls,300,0.6565295970544963,nan,2.3831889629364014
40.0,25,16,25,0.01,pod,300,0.6688846333627725,nan,2.309593915939331
40.0,25,16,25,0.01,pls,300,0.6564187970236064,nan,2.436763286590576
40.0,25,16,100,0.0001,pod,300,0.6457508295371104,nan,2.6259915828704834
40.0,25,16,100,0.0001,pls,300,0.6413058734814869,nan,2.6608405113220215
40.0,25,16,100,0.001,pod,300,0.6455252520359533,nan,2.6702616214752197
40.0,25,16,100,0.001,pls,300,0.6409135614907793,nan,2.6627273559570312
40.0,25,16,100,0.01,pod,300,0.644461472279667,nan,2.9810049533843994
40.0,25,16,100,0.01,pls,300,0.6400849327222576,nan,3.0778141021728516
40.0,25,32,,0.0001,pod,300,0.6340515574107818,nan,3.2856340408325195
40.0,25,32,,0.0001,pls,300,0.6340515574107818,nan,3.5426437854766846
40.0,25,32,,0.001,pod,300,0.6301188822683453,nan,3.379579544067383
40.0,25,32,,0.001,pls,300,0.6301188822683453,nan,3.092996120452881
40.0,25,32,,0.01,pod,300,0.6316500671442004,nan,3.5285568237304688
40.0,25,32,,0.01,pls,300,0.6316500671442005,nan,3.5370466709136963
40.0,25,32,25,0.0001,pod,300,0.6682176507810391,nan,3.6993885040283203
40.0,25,32,25,0.0001,pls,300,0.6559274478117927,nan,3.697951316833496
40.0,25,32,25,0.001,pod,300,0.6682603968958635,nan,3.8829424381256104
40.0,25,32,25,0.001,pls,300,0.6558095862377041,nan,3.829758405685425
40.0,25,32,25,0.01,pod,300,0.6689538987872775,nan,3.8661510944366455
40.0,25,32,25,0.01,pls,300,0.6559136155154167,nan,3.3123199939727783
40.0,25,32,100,0.0001,pod,300,0.6476346805621543,nan,3.517357587814331
40.0,25,32,100,0.0001,pls,300,0.6381839060452789,nan,3.5890302658081055
40.0,25,32,100,0.001,pod,300,0.6473209334126058,nan,3.3818228244781494
40.0,25,32,100,0.001,pls,300,0.6375784362752057,nan,3.5329771041870117
40.0,25,32,100,0.01,pod,300,0.6456652097179877,nan,3.9494175910949707
40.0,25,32,100,0.01,pls,300,0.6372468097009295,nan,3.8258440494537354
40.0,25,64,,0.0001,pod,300,0.6384130760759892,nan,4.789970397949219
40.0,25,64,,0.0001,pls,300,0.638413076075989,nan,4.309943914413452
40.0,25,64,,0.001,pod,300,0.6333400472145031,nan,4.319293975830078
40.0,25,64,,0.001,pls,300,0.6333400472145031,nan,4.262495517730713
40.0,25,64,,0.01,pod,300,0.633822582975695,nan,3.90529203414917
40.0,25,64,,0.01,pls,300,0.633822582975695,nan,4.08705735206604
40.0,25,64,25,0.0001,pod,300,0.6693302831996583,nan,3.9371047019958496
40.0,25,64,25,0.0001,pls,300,0.655432269658913,nan,3.705608367919922
40.0,25,64,25,0.001,pod,300,0.6693612467143634,nan,3.8046610355377197
40.0,25,64,25,0.001,pls,300,0.6552595201556627,nan,3.515044689178467
40.0,25,64,25,0.01,pod,300,0.66995085549434,nan,3.6713194847106934
40.0,25,64,25,0.01,pls,300,0.6549381522817718,nan,3.5016720294952393
40.0,25,64,100,0.0001,pod,300,0.6497883258625636,nan,3.354961395263672
40.0,25,64,100,0.0001,pls,300,0.6400403111772729,nan,3.3651928901672363
40.0,25,64,100,0.001,pod,300,0.6494118413437773,nan,3.548103094100952
40.0,25,64,100,0.001,pls,300,0.6388849693824081,nan,3.9682114124298096
40.0,25,64,100,0.01,pod,300,0.6473456047224297,nan,3.9898641109466553
40.0,25,64,100,0.01,pls,300,0.6380543847054283,nan,3.8395299911499023
40.0,25,128,,0.0001,pod,300,0.6441784954535439,nan,4.991404056549072
40.0,25,128,,0.0001,pls,300,0.6441784954535437,nan,4.909025192260742
40.0,25,128,,0.001,pod,300,0.6376595778907744,nan,5.054548740386963
40.0,25,128,,0.001,pls,300,0.6376595778907744,nan,5.200261831283569
40.0,25,128,,0.01,pod,300,0.6367089447788057,nan,5.043781757354736
40.0,25,128,,0.01,pls,300,0.6367089447788058,nan,5.1884729862213135
40.0,25,128,25,0.0001,pod,300,0.6700496113830442,nan,5.422341823577881
40.0,25,128,25,0.0001,pls,300,0.6552343735950571,nan,5.603867530822754
40.0,25,128,25,0.001,pod,300,0.6700729446180221,nan,5.490965843200684
40.0,25,128,25,0.001,pls,300,0.6550237244096176,nan,5.396401405334473
40.0,25,128,25,0.01,pod,300,0.6705958350493987,nan,6.073049306869507
40.0,25,128,25,0.01,pls,300,0.6544940825771695,nan,5.996116638183594
40.0,25,128,100,0.0001,pod,300,0.6525036659938315,nan,5.908665180206299
40.0,25,128,100,0.0001,pls,300,0.6434423218562799,nan,5.538339138031006
40.0,25,128,100,0.001,pod,300,0.6520524916317363,nan,5.49591588973999
40.0,25,128,100,0.001,pls,300,0.6395120598713588,nan,5.910739421844482
40.0,25,128,100,0.01,pod,300,0.6494837639124749,nan,5.6724631786346436
40.0,25,128,100,0.01,pls,300,0.63899761854454,nan,5.547114610671997
40.0,50,2,,0.0001,pod,600,0.6636776725790152,nan,3.008359909057617
40.0,50,2,,0.0001,pls,600,0.6636776725790151,nan,3.003167152404785
40.0,50,2,,0.001,pod,600,0.6631694823887002,nan,3.002997636795044
40.0,50,2,,0.001,pls,600,0.6631694823887002,nan,2.8307478427886963
40.0,50,2,,0.01,pod,600,0.6673682308674141,nan,2.748603105545044
40.0,50,2,,0.01,pls,600,0.6673682308674141,nan,2.801896095275879
40.0,50,2,25,0.0001,pod,600,0.7147078556178621,nan,2.6977880001068115
40.0,50,2,25,0.0001,pls,600,0.7025125164039095,nan,2.7366385459899902
40.0,50,2,25,0.001,pod,600,0.714801934776746,nan,2.7074027061462402
40.0,50,2,25,0.001,pls,600,0.7026293101737839,nan,2.7065608501434326
40.0,50,2,25,0.01,pod,600,0.7159339221287507,nan,2.682469606399536
40.0,50,2,25,0.01,pls,600,0.7040238432804742,nan,2.6892783641815186
40.0,50,2,100,0.0001,pod,600,0.6819744303183799,nan,2.3873379230499268
40.0,50,2,100,0.0001,pls,600,0.681493660848107,nan,2.411609172821045
40.0,50,2,100,0.001,pod,600,0.6818951708607977,nan,2.6469688415527344
40.0,50,2,100,0.001,pls,600,0.6814118291439355,nan,2.924564838409424
40.0,50,2,100,0.01,pod,600,0.6815913810575469,nan,2.8020191192626953
40.0,50,2,100,0.01,pls,600,0.6810935872680821,nan,2.788649797439575
40.0,50,4,,0.0001,pod,600,0.6507097509645399,nan,2.8719234466552734
40.0,50,4,,0.0001,pls,600,0.65070975096454,nan,2.7270562648773193
40.0,50,4,,0.001,pod,600,0.6443984662164078,nan,2.4230446815490723
40.0,50,4,,0.001,pls,600,0.644398466216408,nan,2.4597926139831543
40.0,50,4,,0.01,pod,600,0.646984528392152,nan,2.4507148265838623
40.0,50,4,,0.01,pls,600,0.646984528392152,nan,2.475069999694824
40.0,50,4,25,0.0001,pod,600,0.7131201880551373,nan,2.5398528575897217
40.0,50,4,25,0.0001,pls,600,0.684720380533618,nan,2.7819998264312744
40.0,50,4,25,0.001,pod,600,0.7131935695242982,nan,2.8703219890594482
40.0,50,4,25,0.001,pls,600,0.6848448611789831,nan,2.8094727993011475
40.0,50,4,25,0.01,pod,600,0.7141523959848332,nan,2.7460522651672363
40.0,50,4,25,0.01,pls,600,0.6866495763212686,nan,2.5732998847961426
40.0,50,4,100,0.0001,pod,600,0.6697126012823533,nan,2.612745523452759
40.0,50,4,100,0.0001,pls,600,0.6672098667441932,nan,3.1670823097229004
40.0,50,4,100,0.001,pod,600,0.6695681937733247,nan,3.095623016357422
40.0,50,4,100,0.001,pls,600,0.667067825148009,nan,3.075345277786255
40.0,50,4,100,0.01,pod,600,0.6688257455549862,nan,3.5547029972076416
40.0,50,4,100,0.01,pls,600,0.6664014873394439,nan,3.5405616760253906
40.0,50,8,,0.0001,pod,600,0.650483930956528,nan,3.3063528537750244
40.0,50,8,,0.0001,pls,600,0.6504839309565282,nan,3.305863618850708
40.0,50,8,,0.001,pod,600,0.6397439639872817,nan,3.2594385147094727
40.0,50,8,,0.001,pls,600,0.6397439639872818,nan,3.3543131351470947
40.0,50,8,,0.01,pod,600,0.6411224328600162,nan,3.3598313331604004
40.0,50,8,,0.01,pls,600,0.6411224328600164,nan,3.341064691543579
40.0,50,8,25,0.0001,pod,600,0.7109167572485667,nan,3.3141121864318848
40.0,50,8,25,0.0001,pls,600,0.6724218994040281,nan,3.2443575859069824
40.0,50,8,25,0.001,pod,600,0.7109779780514863,nan,3.0069594383239746
40.0,50,8,25,0.001,pls,600,0.6724918694342483,nan,3.074544668197632
40.0,50,8,25,0.01,pod,600,0.7118390215592879,nan,3.1142194271087646
40.0,50,8,25,0.01,pls,600,0.6742782486882688,nan,3.2028188705444336
40.0,50,8,100,0.0001,pod,600,0.667883591198779,nan,2.855654001235962
40.0,50,8,100,0.0001,pls,600,0.6654463631123444,nan,3.3689637184143066
40.0,50,8,100,0.001,pod,600,0.667662877554092,nan,3.5060832500457764
40.0,50,8,100,0.001,pls,600,0.6651407842179203,nan,3.272538423538208
40.0,50,8,100,0.01,pod,600,0.6663009124844916,nan,3.2324111461639404
40.0,50,8,100,0.01,pls,600,0.6633211823879437,nan,3.235703229904175
40.0,50,16,,0.0001,pod,600,0.658530159477763,nan,3.34114933013916
40.0,50,16,,0.0001,pls,600,0.6585301594777633,nan,3.331770420074463
40.0,50,16,,0.001,pod,600,0.6445202376034362,nan,3.2862660884857178
40.0,50,16,,0.001,pls,600,0.6445202376034364,nan,3.131800413131714
40.0,50,16,,0.01,pod,600,0.6434233962051523,nan,2.985175609588623
40.0,50,16,,0.01,pls,600,0.6434233962051525,nan,3.0319135189056396
40.0,50,16,25,0.0001,pod,600,0.7122376150139892,nan,2.9070088863372803
40.0,50,16,25,0.0001,pls,600,0.6828634800509297,nan,2.8949077129364014
40.0,50,16,25,0.001,pod,600,0.7122764820736321,nan,2.773728609085083
40.0,50,16,25,0.001,pls,600,0.6828526996986996,nan,2.992652177810669
40.0,50,16,25,0.01,pod,600,0.7129404175141176,nan,3.0340874195098877
40.0,50,16,25,0.01,pls,600,0.6842058293391896,nan,2.9372076988220215
40.0,50,16,100,0.0001,pod,600,0.6691307512187535,nan,2.751410961151123
40.0,50,16,100,0.0001,pls,600,0.6654249738069582,nan,2.8527328968048096
40.0,50,16,100,0.001,pod,600,0.66883167198915,nan,3.1211647987365723
40.0,50,16,100,0.001,pls,600,0.6649776780596167,nan,3.2509074211120605
40.0,50,16,100,0.01,pod,600,0.6668424888776875,nan,3.1823651790618896
40.0,50,16,100,0.01,pls,600,0.662249714801867,nan,3.20932936668396
40.0,50,32,,0.0001,pod,600,0.6682638714979973,nan,3.4420621395111084
40.0,50,32,,0.0001,pls,600,0.6682638714979973,nan,3.0932812690734863
40.0,50,32,,0.001,pod,600,0.65133990030868,nan,2.9277799129486084
40.0,50,32,,0.001,pls,600,0.65133990030868,nan,2.9869003295898438
40.0,50,32,,0.01,pod,600,0.6480073931364393,nan,3.2455663681030273
40.0,50,32,,0.01,pls,600,0.6480073931364394,nan,3.2886481285095215
40.0,50,32,25,0.0001,pod,600,0.7128509358345618,nan,3.211195230484009
40.0,50,32,25,0.0001,pls,600,0.6921249406727568,nan,2.747795581817627
40.0,50,32,25,0.001,pod,600,0.7128781298925932,nan,2.927367687225342
40.0,50,32,25,0.001,pls,600,0.6919336629968823,nan,2.5244922637939453
40.0,50,32,25,0.01,pod,600,0.7134382731062847,nan,3.2280988693237305
40.0,50,32,25,0.01,pls,600,0.6917252697350437,nan,3.047252893447876
40.0,50,32,100,0.0001,pod,600,0.6721878128380921,nan,3.695270538330078
40.0,50,32,100,0.0001,pls,600,0.6675318747160237,nan,4.040529251098633
40.0,50,32,100,0.001,pod,600,0.6718223079717814,nan,3.856642723083496
40.0,50,32,100,0.001,pls,600,0.6668740755682349,nan,3.486921548843384
40.0,50,32,100,0.01,pod,600,0.669290516229753,nan,3.6674253940582275
40.0,50,32,100,0.01,pls,600,0.6631380168367449,nan,3.980677366256714
40.0,50,64,,0.0001,pod,600,0.6785091829767178,nan,5.014760732650757
40.0,50,64,,0.0001,pls,600,0.6785091829767179,nan,4.928498268127441
40.0,50,64,,0.001,pod,600,0.6591959850656254,nan,4.7565600872039795
40.0,50,64,,0.001,pls,600,0.6591959850656254,nan,4.535990476608276
40.0,50,64,,0.01,pod,600,0.6537789882543896,nan,4.438604116439819
40.0,50,64,,0.01,pls,600,0.6537789882543896,nan,4.342767953872681
40.0,50,64,25,0.0001,pod,600,0.7138833669800048,nan,4.476984024047852
40.0,50,64,25,0.0001,pls,600,0.6874152965165876,nan,3.9305431842803955
40.0,50,64,25,0.001,pod,600,0.713900883147977,nan,4.589864730834961
40.0,50,64,25,0.001,pls,600,0.6872482798204009,nan,3.9590179920196533
40.0,50,64,25,0.01,pod,600,0.7143747195690276,nan,4.142376184463501
40.0,50,64,25,0.01,pls,600,0.6872475942046691,nan,3.832754135131836
40.0,50,64,100,0.0001,pod,600,0.6755009171625346,nan,4.070680618286133
40.0,50,64,100,0.0001,pls,600,0.6750926915144045,nan,3.973886728286743
40.0,50,64,100,0.001,pod,600,0.6750865622817087,nan,3.8726890087127686
40.0,50,64,100,0.001,pls,600,0.6739457723821461,nan,4.035228967666626
40.0,50,64,100,0.01,pod,600,0.6721482793978774,nan,4.09087872505188
40.0,50,64,100,0.01,pls,600,0.6678719586231882,nan,3.8420584201812744
40.0,50,128,,0.0001,pod,600,0.6903351901754352,nan,5.380397081375122
40.0,50,128,,0.0001,pls,600,0.6903351901754359,nan,5.710326194763184
40.0,50,128,,0.001,pod,600,0.6679640561044772,nan,6.165592432022095
40.0,50,128,,0.001,pls,600,0.6679640561044772,nan,5.968339204788208
40.0,50,128,,0.01,pod,600,0.6597637144393054,nan,5.255498886108398
40.0,50,128,,0.01,pls,600,0.6597637144393054,nan,5.43144679069519
40.0,50,128,25,0.0001,pod,600,0.7146413585402293,nan,5.659170866012573
40.0,50,128,25,0.0001,pls,600,0.6835308962432781,nan,5.188499450683594
40.0,50,128,25,0.001,pod,600,0.7146515846516737,nan,5.142005443572998
40.0,50,128,25,0.001,pls,600,0.6833868742868945,nan,5.120150327682495
40.0,50,128,25,0.01,pod,600,0.7150605959685289,nan,6.185177564620972
40.0,50,128,25,0.01,pls,600,0.683666103864941,nan,6.278133392333984
40.0,50,128,100,0.0001,pod,600,0.6789228453445885,nan,6.4183173179626465
40.0,50,128,100,0.0001,pls,600,0.6754564227990819,nan,6.0291993618011475
40.0,50,128,100,0.001,pod,600,0.6784550660576566,nan,6.617944717407227
40.0,50,128,100,0.001,pls,600,0.6732686949305597,nan,6.227277040481567
40.0,50,128,100,0.01,pod,600,0.6750703260172793,nan,6.519005298614502
40.0,50,128,100,0.01,pls,600,0.665669244829553,nan,5.691094636917114
40.0,100,2,,0.0001,pod,1200,0.6802957867226845,nan,4.2007155418396
40.0,100,2,,0.0001,pls,1200,0.6802957867226835,nan,3.9258406162261963
40.0,100,2,,0.001,pod,1200,0.6778953675953314,nan,4.114166975021362
40.0,100,2,,0.001,pls,1200,0.6778953675953308,nan,4.199026346206665
40.0,100,2,,0.01,pod,1200,0.6812937525757636,nan,4.09237003326416
40.0,100,2,,0.01,pls,1200,0.6812937525757632,nan,4.079810857772827
40.0,100,2,25,0.0001,pod,1200,0.7786980966523798,nan,3.805159330368042
40.0,100,2,25,0.0001,pls,1200,0.7476397594824223,nan,3.639227867126465
40.0,100,2,25,0.001,pod,1200,0.7785767367738123,nan,3.4956674575805664
40.0,100,2,25,0.001,pls,1200,0.7475510823329118,nan,3.5210235118865967
40.0,100,2,25,0.01,pod,1200,0.777830612735284,nan,3.4852406978607178
40.0,100,2,25,0.01,pls,1200,0.7472414805352695,nan,3.4888813495635986
40.0,100,2,100,0.0001,pod,1200,0.6971674779300527,nan,3.456381320953369
40.0,100,2,100,0.0001,pls,1200,0.6945645828533655,nan,3.4305198192596436
40.0,100,2,100,0.001,pod,1200,0.697157069901719,nan,3.3363099098205566
40.0,100,2,100,0.001,pls,1200,0.6945449012938839,nan,3.135425329208374
40.0,100,2,100,0.01,pod,1200,0.6973896214866044,nan,3.500737190246582
40.0,100,2,100,0.01,pls,1200,0.694724496100565,nan,3.638624906539917
40.0,100,4,,0.0001,pod,1200,0.6800977086334353,nan,3.6669669151306152
40.0,100,4,,0.0001,pls,1200,0.6800977086334347,nan,3.7152085304260254
40.0,100,4,,0.001,pod,1200,0.6660369964797714,nan,3.5183472633361816
40.0,100,4,,0.001,pls,1200,0.6660369964797709,nan,3.4166500568389893
40.0,100,4,,0.01,pod,1200,0.6649221314865881,nan,3.3870136737823486
40.0,100,4,,0.01,pls,1200,0.6649221314865877,nan,3.7260794639587402
40.0,100,4,25,0.0001,pod,1200,0.7781700069152515,nan,3.418564558029175
40.0,100,4,25,0.0001,pls,1200,0.7305009076033062,nan,3.4534833431243896
40.0,100,4,25,0.001,pod,1200,0.7780333530652174,nan,3.3472745418548584
40.0,100,4,25,0.001,pls,1200,0.7304083390412406,nan,3.224053144454956
40.0,100,4,25,0.01,pod,1200,0.7771510579491266,nan,3.1961822509765625
40.0,100,4,25,0.01,pls,1200,0.7304680782333193,nan,3.4611194133758545
40.0,100,4,100,0.0001,pod,1200,0.6897916563848576,nan,3.8869059085845947
40.0,100,4,100,0.0001,pls,1200,0.6807134407409732,nan,4.3420937061309814
40.0,100,4,100,0.001,pod,1200,0.6897394406680042,nan,4.295058727264404
40.0,100,4,100,0.001,pls,1200,0.6806422858496811,nan,3.918365716934204
40.0,100,4,100,0.01,pod,1200,0.6896769349621374,nan,3.90726375579834
40.0,100,4,100,0.01,pls,1200,0.6806001859655967,nan,3.9856619834899902
40.0,100,8,,0.0001,pod,1200,0.6958078557832106,nan,4.531117916107178
40.0,100,8,,0.0001,pls,1200,0.695807855783209,nan,4.6165690422058105
40.0,100,8,,0.001,pod,1200,0.668214419873589,nan,4.482933521270752
40.0,100,8,,0.001,pls,1200,0.6682144198735882,nan,4.335699081420898
40.0,100,8,,0.01,pod,1200,0.6623579532327505,nan,4.1018967628479
40.0,100,8,,0.01,pls,1200,0.6623579532327499,nan,4.123035669326782
40.0,100,8,25,0.0001,pod,1200,0.7778733267306147,nan,3.62630295753479
40.0,100,8,25,0.0001,pls,1200,0.7311226137236976,nan,4.022035598754883
40.0,100,8,25,0.001,pod,1200,0.7777251892947352,nan,3.807546854019165
40.0,100,8,25,0.001,pls,1200,0.7308482322735111,nan,3.8307840824127197
40.0,100,8,25,0.01,pod,1200,0.7767424702791718,nan,3.6827704906463623
40.0,100,8,25,0.01,pls,1200,0.7297422303017178,nan,3.6772727966308594
40.0,100,8,100,0.0001,pod,1200,0.6905720431885004,nan,3.6869189739227295
40.0,100,8,100,0.0001,pls,1200,0.6819302167086393,nan,3.5544278621673584
40.0,100,8,100,0.001,pod,1200,0.6904139714282836,nan,3.8014280796051025
40.0,100,8,100,0.001,pls,1200,0.681658992135439,nan,3.7354602813720703
40.0,100,8,100,0.01,pod,1200,0.6894806565832723,nan,3.735454559326172
40.0,100,8,100,0.01,pls,1200,0.680082359361524,nan,3.740004301071167
40.0,100,16,,0.0001,pod,1200,0.7245999892634014,nan,4.002370834350586
40.0,100,16,,0.0001,pls,1200,0.7245999892634009,nan,3.9880542755126953
40.0,100,16,,0.001,pod,1200,0.6865930132991848,nan,3.6438148021698
40.0,100,16,,0.001,pls,1200,0.6865930132991839,nan,4.241411924362183
40.0,100,16,,0.01,pod,1200,0.6735536769407674,nan,4.2723917961120605
40.0,100,16,,0.01,pls,1200,0.6735536769407667,nan,4.23053765296936
40.0,100,16,25,0.0001,pod,1200,0.7786286799396448,nan,3.706753969192505
40.0,100,16,25,0.0001,pls,1200,0.7310857999579939,nan,3.242325782775879
40.0,100,16,25,0.001,pod,1200,0.7784672811885609,nan,3.2101216316223145
40.0,100,16,25,0.001,pls,1200,0.7307953390662494,nan,3.4288294315338135
40.0,100,16,25,0.01,pod,1200,0.7773686554784879,nan,3.458366632461548
40.0,100,16,25,0.01,pls,1200,0.7304524396478466,nan,3.7033050060272217
40.0,100,16,100,0.0001,pod,1200,0.6956463887968027,nan,3.570420742034912
40.0,100,16,100,0.0001,pls,1200,0.685440953626293,nan,3.606259346008301
40.0,100,16,100,0.001,pod,1200,0.6953776913274378,nan,3.3277478218078613
40.0,100,16,100,0.001,pls,1200,0.6848558829528197,nan,3.8439831733703613
40.0,100,16,100,0.01,pod,1200,0.6935201672415314,nan,4.1021904945373535
40.0,100,16,100,0.01,pls,1200,0.6811906037722909,nan,4.713750839233398
40.0,100,32,,0.0001,pod,1200,0.7531646214692225,nan,5.05140495300293
40.0,100,32,,0.0001,pls,1200,0.753164621469222,nan,4.873912572860718
40.0,100,32,,0.001,pod,1200,0.7047426805724113,nan,4.630322217941284
40.0,100,32,,0.001,pls,1200,0.7047426805724109,nan,5.065711259841919
40.0,100,32,,0.01,pod,1200,0.6852449961200601,nan,5.023568868637085
40.0,100,32,,0.01,pls,1200,0.6852449961200598,nan,5.072805404663086
40.0,100,32,25,0.0001,pod,1200,0.7791175382685005,nan,4.803010940551758
40.0,100,32,25,0.0001,pls,1200,0.7282409023557077,nan,3.434893846511841
40.0,100,32,25,0.001,pod,1200,0.7789434602456142,nan,4.573285341262817
40.0,100,32,25,0.001,pls,1200,0.7279855037049473,nan,2.8881707191467285
40.0,100,32,25,0.01,pod,1200,0.7777322611394857,nan,4.447184801101685
40.0,100,32,25,0.01,pls,1200,0.7278579804272785,nan,3.2797014713287354
40.0,100,32,100,0.0001,pod,1200,0.7005253103572846,nan,4.447339296340942
40.0,100,32,100,0.0001,pls,1200,0.6899396192708366,nan,4.699179410934448
40.0,100,32,100,0.001,pod,1200,0.7001729008006401,nan,4.4105260372161865
40.0,100,32,100,0.001,pls,1200,0.6891244841138724,nan,4.157605409622192
40.0,100,32,100,0.01,pod,1200,0.6976026702989488,nan,4.007324695587158
40.0,100,32,100,0.01,pls,1200,0.6840145851691236,nan,4.1264848709106445
40.0,100,64,,0.0001,pod,1200,0.7772959818758665,nan,4.881973505020142
40.0,100,64,,0.0001,pls,1200,0.7772959818758656,nan,4.952163219451904
40.0,100,64,,0.001,pod,1200,0.7219195952455996,nan,4.848149538040161
40.0,100,64,,0.001,pls,1200,0.7219195952455988,nan,4.759816408157349
40.0,100,64,,0.01,pod,1200,0.6972820686952,nan,4.770874261856079
40.0,100,64,,0.01,pls,1200,0.6972820686951997,nan,5.22224235534668
40.0,100,64,25,0.0001,pod,1200,0.7803348012098991,nan,5.0178914070129395
40.0,100,64,25,0.0001,pls,1200,0.7217886153452353,nan,3.6027042865753174
40.0,100,64,25,0.001,pod,1200,0.7801500044772218,nan,4.397296667098999
40.0,100,64,25,0.001,pls,1200,0.7215299131914926,nan,3.2787139415740967
40.0,100,64,25,0.01,pod,1200,0.7788424790923583,nan,4.656820058822632
40.0,100,64,25,0.01,pls,1200,0.7214788466656537,nan,3.538640022277832
40.0,100,64,100,0.0001,pod,1200,0.7049459732868061,nan,4.58124303817749
40.0,100,64,100,0.0001,pls,1200,0.7006885200475813,nan,4.406867027282715
40.0,100,64,100,0.001,pod,1200,0.7045265570251232,nan,4.3426737785339355
40.0,100,64,100,0.001,pls,1200,0.6993398454554649,nan,5.323709726333618
40.0,100,64,100,0.01,pod,1200,0.7013900638723596,nan,5.787321090698242
40.0,100,64,100,0.01,pls,1200,0.6913844292164072,nan,5.754122257232666
40.0,100,128,,0.0001,pod,1200,0.8058863933248405,nan,7.134881496429443
40.0,100,128,,0.0001,pls,1200,0.8058863933248401,nan,7.532161235809326
40.0,100,128,,0.001,pod,1200,0.7416115536579904,nan,7.820303201675415
40.0,100,128,,0.001,pls,1200,0.7416115536579899,nan,7.437629699707031
40.0,100,128,,0.01,pod,1200,0.7104034431158608,nan,7.191863775253296
40.0,100,128,,0.01,pls,1200,0.7104034431158605,nan,7.0443949699401855
40.0,100,128,25,0.0001,pod,1200,0.7813049824865789,nan,6.835866928100586
40.0,100,128,25,0.0001,pls,1200,0.7196148684360618,nan,5.550434589385986
40.0,100,128,25,0.001,pod,1200,0.7811105057545682,nan,6.763731002807617
40.0,100,128,25,0.001,pls,1200,0.7191978516019537,nan,5.37354302406311
40.0,100,128,25,0.01,pod,1200,0.7797168033402657,nan,6.196204423904419
40.0,100,128,25,0.01,pls,1200,0.7180620329883217,nan,5.234378099441528
40.0,100,128,100,0.0001,pod,1200,0.7096321683270903,nan,6.495459079742432
40.0,100,128,100,0.0001,pls,1200,0.7083401778628092,nan,5.134517669677734
40.0,100,128,100,0.001,pod,1200,0.70913784856584,nan,6.76207709312439
40.0,100,128,100,0.001,pls,1200,0.7060664658212813,nan,5.928867816925049
40.0,100,128,100,0.01,pod,1200,0.7053679282608137,nan,6.585488557815552
40.0,100,128,100,0.01,pls,1200,0.6935515154474353,nan,4.915933609008789
